test_id,sub_id,solver,diff_algo,probe_x,probe_y,probe_z,time,picard_order,nrealisations,E,SE,ref,sigma,pass
E3,t=0.5,cpu_df,DS,0.2,0.3,0.4,0.5,0,100000,110.7774756,1.557425e+00,110.8009682,0.0151,1
E3,t=1.0,cpu_df,DS,0.2,0.3,0.4,1,0,100000,110.5692509,1.554516e+00,110.5927131,0.0151,1
E3,t=2.0,cpu_df,DS,0.2,0.3,0.4,2,0,100000,110.1539557,1.548714e+00,110.1773573,0.0151,1
E3,t=3.0,cpu_df,DS,0.2,0.3,0.4,3,0,100000,109.7401946,1.542933e+00,109.763536,0.0151,1
E3,t=5.0,cpu_df,DS,0.2,0.3,0.4,5,0,100000,108.9172525,1.531435e+00,108.9404739,0.0152,1
E3,t=8.0,cpu_df,DS,0.2,0.3,0.4,8,0,100000,107.6942049,1.514347e+00,107.717248,0.0152,1
E3,t=12.0,cpu_df,DS,0.2,0.3,0.4,12,0,100000,106.0844564,1.491857e+00,106.1072648,0.0153,1
E3,t=20.0,cpu_df,DS,0.2,0.3,0.4,20,0,100000,102.9355792,1.447864e+00,102.9579285,0.0154,1
E3,t=50.0,cpu_df,DS,0.2,0.3,0.4,50,0,100000,91.92388353,1.294029e+00,91.94462747,0.0160,1
E3,t=100.0,cpu_df,DS,0.2,0.3,0.4,100,0,100000,76.082078,1.072754e+00,76.10051237,0.0172,1
E3,t=200.0,cpu_df,DS,0.2,0.3,0.4,200,0,100000,51.97533723,7.362005e-01,51.99025711,0.0203,1
E3,t=500.0,cpu_df,DS,0.2,0.3,0.4,500,0,100000,15.88472326,2.343985e-01,15.89438151,0.0412,1
E3,t=1000.0,cpu_df,DS,0.2,0.3,0.4,1000,0,100000,0.9394889482,4.750626e-02,0.9469683398,0.1574,1
E3,x=-0.5,cpu_df,DS,-0.45,0.3,0.4,5,0,100000,-242.8941634,1.326929e+00,-243.8909081,0.7512,1
E3,x=-0.4,cpu_df,DS,-0.4,0.3,0.4,5,0,100000,-216.2090363,1.410414e+00,-217.0731649,0.6127,1
E3,x=-0.3,cpu_df,DS,-0.3,0.3,0.4,5,0,100000,-162.9569455,1.505263e+00,-163.1564348,0.1325,1
E3,x=-0.2,cpu_df,DS,-0.2,0.3,0.4,5,0,100000,-107.3756983,1.534269e+00,-108.9404739,1.0199,1
E3,x=-0.1,cpu_df,DS,-0.1,0.3,0.4,5,0,100000,-54.62535516,1.554012e+00,-54.52151457,0.0668,1
E3,x=0.0,cpu_df,DS,0,0.3,0.4,5,0,100000,1.478546665,1.563824e+00,0,0.9455,1
E3,x=0.1,cpu_df,DS,0.1,0.3,0.4,5,0,100000,55.98994458,1.564848e+00,54.52151457,0.9384,1
E3,x=0.2,cpu_df,DS,0.2,0.3,0.4,5,0,100000,108.9172525,1.531435e+00,108.9404739,0.0152,1
E3,x=0.3,cpu_df,DS,0.3,0.3,0.4,5,0,100000,162.3911813,1.473136e+00,163.1564348,0.5195,1
E3,x=0.4,cpu_df,DS,0.4,0.3,0.4,5,0,100000,217.8595427,1.332373e+00,217.0731649,0.5902,1
E3,x=0.5,cpu_df,DS,0.45,0.3,0.4,5,0,100000,244.1054327,1.225586e+00,243.8909081,0.1750,1
