Level,File,Line,Symbol,EmbreeAPI,Category,Hint
L3,./star-2d/0.7/src/s2d_c.h,68,RTCRay,RTCRay,Query,
L3,./star-2d/0.7/src/s2d_c.h,72,RTCRayHit,RTCRayHit,Query,
L3,./star-2d/0.7/src/s2d_c.h,74,RTCRayHit,RTCRayHit,Query,
L3,./star-2d/0.7/src/s2d_c.h,81,RTCRay,RTCRay,Query,
L3,./star-2d/0.7/src/s2d_c.h,124,RTCRay,RTCRay,Query,
L1,./star-2d/0.7/src/s2d_device.c,56,rtcReleaseDevice,rtcReleaseDevice,Lifecycle,
L1,./star-2d/0.7/src/s2d_device.c,91,rtcNewDevice,rtcNewDevice,Lifecycle,
L1,./star-2d/0.7/src/s2d_scene_view.c,86,rtcDetachGeometry,rtcDetachGeometry,Lifecycle,
L1,./star-2d/0.7/src/s2d_scene_view.c,89,rtcReleaseGeometry,rtcReleaseGeometry,Lifecycle,
L3,./star-2d/0.7/src/s2d_scene_view.c,132,RTCRayHit,RTCRayHit,Query,
L1,./star-2d/0.7/src/s2d_scene_view.c,178,rtcNewGeometry,rtcNewGeometry,Lifecycle,
L4,./star-2d/0.7/src/s2d_scene_view.c,183,rtcSetGeometryUserData,rtcSetGeometryUserData,Semantic,
L1,./star-2d/0.7/src/s2d_scene_view.c,186,rtcAttachGeometry,rtcAttachGeometry,Lifecycle,
L4,./star-2d/0.7/src/s2d_scene_view.c,308,rtcSetGeometryIntersectFilterFunction,rtcSetGeometryIntersectFilterFunction,Semantic,
L4,./star-2d/0.7/src/s2d_scene_view.c,310,rtcSetGeometryIntersectFilterFunction,rtcSetGeometryIntersectFilterFunction,Semantic,
L1,./star-2d/0.7/src/s2d_scene_view.c,324,rtcNewScene,rtcNewScene,Lifecycle,
L1,./star-2d/0.7/src/s2d_scene_view.c,366,rtcCommitGeometry,rtcCommitGeometry,Lifecycle,
L1,./star-2d/0.7/src/s2d_scene_view.c,375,rtcCommitScene,rtcCommitScene,Lifecycle,
L1,./star-2d/0.7/src/s2d_scene_view.c,384,rtcReleaseScene,rtcReleaseScene,Lifecycle,
L3,./star-2d/0.7/src/s2d_scene_view.c,725,RTCRayHit,RTCRayHit,Query,
L3,./star-2d/0.7/src/s2d_scene_view.c,816,rtcIntersect1,rtcIntersect1,Query,
L1,./star-2d/0.7/src/s2d_scene_view.c,1233,rtcReleaseScene,rtcReleaseScene,Lifecycle,
L3,./star-2d/0.7/src/s2d_scene_view.c,1253,RTCRayHit,RTCRayHit,Query,
L3,./star-3d/0.10/src/s3d_c.h,76,RTCRay,RTCRay,Query,
L3,./star-3d/0.10/src/s3d_c.h,80,RTCRayHit,RTCRayHit,Query,
L3,./star-3d/0.10/src/s3d_c.h,82,RTCRayHit,RTCRayHit,Query,
L3,./star-3d/0.10/src/s3d_c.h,89,RTCRay,RTCRay,Query,
L3,./star-3d/0.10/src/s3d_c.h,132,RTCRay,RTCRay,Query,
L1,./star-3d/0.10/src/s3d_device.c,58,rtcReleaseDevice,rtcReleaseDevice,Lifecycle,
L1,./star-3d/0.10/src/s3d_device.c,103,rtcNewDevice,rtcNewDevice,Lifecycle,
L3,./star-3d/0.10/src/s3d_geometry.c,36,RTCRay,RTCRay,Query,
L2,./star-3d/0.10/src/s3d_geometry.c,141,RTC_BUILD_QUALITY_MEDIUM,RTC_BUILD_QUALITY_MEDIUM,Build,
L4,./star-3d/0.10/src/s3d_geometry.c,169,geometry_rtc_sphere_bounds,geometry_rtc_sphere_bounds,Semantic,
L4,./star-3d/0.10/src/s3d_geometry.c,188,geometry_rtc_sphere_intersect,geometry_rtc_sphere_intersect,Semantic,
L4,./star-3d/0.10/src/s3d_geometry.h,79,geometry_rtc_sphere_bounds,geometry_rtc_sphere_bounds,Semantic,
L4,./star-3d/0.10/src/s3d_geometry.h,83,geometry_rtc_sphere_intersect,geometry_rtc_sphere_intersect,Semantic,
L1,./star-3d/0.10/src/s3d_scene_view.c,73,rtcDetachGeometry,rtcDetachGeometry,Lifecycle,
L1,./star-3d/0.10/src/s3d_scene_view.c,76,rtcReleaseGeometry,rtcReleaseGeometry,Lifecycle,
L2,./star-3d/0.10/src/s3d_scene_view.c,122,RTC_BUILD_QUALITY_MEDIUM,RTC_BUILD_QUALITY_MEDIUM,Build,
L2,./star-3d/0.10/src/s3d_scene_view.c,125,RTC_BUILD_QUALITY_LOW,RTC_BUILD_QUALITY_LOW,Build,
L2,./star-3d/0.10/src/s3d_scene_view.c,128,RTC_BUILD_QUALITY_MEDIUM,RTC_BUILD_QUALITY_MEDIUM,Build,
L2,./star-3d/0.10/src/s3d_scene_view.c,131,RTC_BUILD_QUALITY_HIGH,RTC_BUILD_QUALITY_HIGH,Build,
L2,./star-3d/0.10/src/s3d_scene_view.c,157,RTC_BUILD_QUALITY_MEDIUM,RTC_BUILD_QUALITY_MEDIUM,Build,
L2,./star-3d/0.10/src/s3d_scene_view.c,169,rtcSetGeometryBuildQuality,rtcSetGeometryBuildQuality,Build,
L1,./star-3d/0.10/src/s3d_scene_view.c,170,rtcCommitGeometry,rtcCommitGeometry,Lifecycle,
L1,./star-3d/0.10/src/s3d_scene_view.c,179,rtcCommitGeometry,rtcCommitGeometry,Lifecycle,
L1,./star-3d/0.10/src/s3d_scene_view.c,188,rtcNewGeometry,rtcNewGeometry,Lifecycle,
L1,./star-3d/0.10/src/s3d_scene_view.c,192,rtcNewGeometry,rtcNewGeometry,Lifecycle,
L4,./star-3d/0.10/src/s3d_scene_view.c,193,RTC_GEOMETRY_TYPE_INSTANCE,RTC_GEOMETRY_TYPE_INSTANCE,Semantic,
L4,./star-3d/0.10/src/s3d_scene_view.c,194,rtcSetGeometryInstancedScene,rtcSetGeometryInstancedScene,Semantic,
L1,./star-3d/0.10/src/s3d_scene_view.c,197,rtcNewGeometry,rtcNewGeometry,Lifecycle,
L4,./star-3d/0.10/src/s3d_scene_view.c,198,RTC_GEOMETRY_TYPE_USER,RTC_GEOMETRY_TYPE_USER,Semantic,
L4,./star-3d/0.10/src/s3d_scene_view.c,201,rtcSetGeometryUserPrimitiveCount,rtcSetGeometryUserPrimitiveCount,Semantic,
L4,./star-3d/0.10/src/s3d_scene_view.c,202,rtcSetGeometryBoundsFunction,rtcSetGeometryBoundsFunction,Semantic,
L4,./star-3d/0.10/src/s3d_scene_view.c,202,geometry_rtc_sphere_bounds,geometry_rtc_sphere_bounds,Semantic,
L4,./star-3d/0.10/src/s3d_scene_view.c,203,rtcSetGeometryIntersectFunction,rtcSetGeometryIntersectFunction,Semantic,
L4,./star-3d/0.10/src/s3d_scene_view.c,203,geometry_rtc_sphere_intersect,geometry_rtc_sphere_intersect,Semantic,
L2,./star-3d/0.10/src/s3d_scene_view.c,212,rtcSetGeometryBuildQuality,rtcSetGeometryBuildQuality,Build,
L4,./star-3d/0.10/src/s3d_scene_view.c,217,rtcSetGeometryUserData,rtcSetGeometryUserData,Semantic,
L1,./star-3d/0.10/src/s3d_scene_view.c,220,rtcAttachGeometry,rtcAttachGeometry,Lifecycle,
L4,./star-3d/0.10/src/s3d_scene_view.c,310,rtcSetGeometryIntersectFilterFunction,rtcSetGeometryIntersectFilterFunction,Semantic,
L4,./star-3d/0.10/src/s3d_scene_view.c,312,rtcSetGeometryIntersectFilterFunction,rtcSetGeometryIntersectFilterFunction,Semantic,
L1,./star-3d/0.10/src/s3d_scene_view.c,346,rtcNewScene,rtcNewScene,Lifecycle,
L2,./star-3d/0.10/src/s3d_scene_view.c,365,rtcSetSceneBuildQuality,rtcSetSceneBuildQuality,Build,
L1,./star-3d/0.10/src/s3d_scene_view.c,406,rtcCommitGeometry,rtcCommitGeometry,Lifecycle,
L1,./star-3d/0.10/src/s3d_scene_view.c,415,rtcCommitScene,rtcCommitScene,Lifecycle,
L1,./star-3d/0.10/src/s3d_scene_view.c,424,rtcReleaseScene,rtcReleaseScene,Lifecycle,
L2,./star-3d/0.10/src/s3d_scene_view.c,1022,RTC_BUILD_QUALITY_MEDIUM,RTC_BUILD_QUALITY_MEDIUM,Build,
L1,./star-3d/0.10/src/s3d_scene_view.c,1560,rtcReleaseScene,rtcReleaseScene,Lifecycle,
L3,./star-3d/0.10/src/s3d_scene_view_trace_ray.c,43,RTCRayHit,RTCRayHit,Query,
L3,./star-3d/0.10/src/s3d_scene_view_trace_ray.c,146,RTCRayHit,RTCRayHit,Query,
L3,./star-3d/0.10/src/s3d_scene_view_trace_ray.c,212,rtcIntersect1,rtcIntersect1,Query,
L3,./star-3d/0.10/src/s3d_scene_view_trace_ray.c,264,RTCRayHit,RTCRayHit,Query,
L1,./star-uvm/0.4/src/suvm_device.c,47,rtcReleaseDevice,rtcReleaseDevice,Lifecycle,
L1,./star-uvm/0.4/src/suvm_device.c,93,rtcNewDevice,rtcNewDevice,Lifecycle,
L2,./star-uvm/0.4/src/suvm_volume.c,356,RTC_BUILD_QUALITY_MEDIUM,RTC_BUILD_QUALITY_MEDIUM,Build,
