cpuA,cpuB,cycle,raysA,raysB,step,submit,waitA,waitB
1.97,1.96,4.56,126220.0,128478.0,1000.0,0.65,0.29,0.31
1.89,1.88,4.42,128111.0,128713.0,2000.0,0.65,0.28,0.28
1.97,1.97,4.63,128213.0,129808.0,3000.0,0.63,0.28,0.35
1.95,1.94,4.53,129259.0,129587.0,4000.0,0.63,0.3,0.31
1.88,1.98,4.44,129237.0,129765.0,5000.0,0.65,0.27,0.28
2.03,1.99,4.66,129860.0,129235.0,6000.0,0.64,0.28,0.32
2.02,2.03,4.67,129659.0,129856.0,7000.0,0.69,0.3,0.29
1.97,2.12,4.76,129214.0,129225.0,8000.0,0.59,0.33,0.31
1.89,1.89,4.43,128825.0,128988.0,9000.0,0.62,0.29,0.32
1.9,1.91,4.41,129474.0,129880.0,10000.0,0.64,0.28,0.28
1.9,1.91,4.4,129785.0,129521.0,11000.0,0.67,0.27,0.28
1.89,1.92,4.45,129200.0,129249.0,12000.0,0.68,0.27,0.33
1.92,1.95,4.52,129331.0,130048.0,13000.0,0.66,0.32,0.29
1.88,1.91,4.4,129485.0,129320.0,14000.0,0.64,0.3,0.28
1.89,1.95,4.42,129625.0,129341.0,15000.0,0.7,0.27,0.27
1.9,2.03,4.49,129220.0,129179.0,16000.0,0.65,0.27,0.28
1.91,1.92,4.41,128975.0,128565.0,17000.0,0.63,0.27,0.28
1.89,1.99,4.46,129280.0,129345.0,18000.0,0.65,0.27,0.28
1.92,2.07,4.59,129182.0,129522.0,19000.0,0.65,0.27,0.29
2.0,1.91,4.5,128792.0,129415.0,20000.0,0.68,0.28,0.27
1.89,1.92,4.46,129809.0,129645.0,21000.0,0.8,0.35,0.27
1.92,2.0,4.54,129243.0,129143.0,22000.0,0.64,0.29,0.29
1.94,2.0,4.53,128732.0,129487.0,23000.0,0.65,0.27,0.27
1.96,1.99,4.63,129726.0,129757.0,24000.0,0.63,0.33,0.33
1.96,1.9,4.54,129374.0,129516.0,25000.0,0.62,0.32,0.32
1.95,1.93,4.53,129258.0,129088.0,26000.0,0.64,0.31,0.3
2.08,1.97,4.75,129405.0,129483.0,27000.0,0.64,0.32,0.34
1.9,1.96,4.46,129730.0,129167.0,28000.0,0.64,0.28,0.28
1.93,1.93,4.47,128732.0,129303.0,29000.0,0.66,0.28,0.29
1.93,1.95,4.59,129470.0,128922.0,30000.0,0.61,0.34,0.33
1.92,2.03,4.54,129225.0,128987.0,31000.0,0.72,0.27,0.28
1.96,1.91,4.45,129587.0,129769.0,32000.0,0.68,0.27,0.28
1.89,2.04,4.5,129388.0,128766.0,33000.0,0.65,0.27,0.28
2.0,1.97,4.62,129064.0,129372.0,34000.0,0.66,0.3,0.33
2.0,1.95,4.64,128460.0,129270.0,35000.0,0.64,0.34,0.32
1.91,1.92,4.43,129848.0,129172.0,36000.0,0.63,0.28,0.29
1.94,1.88,4.4,129242.0,129182.0,37000.0,0.66,0.27,0.28
1.89,1.93,4.4,129612.0,129394.0,38000.0,0.68,0.27,0.27
2.02,1.92,4.56,129032.0,129594.0,39000.0,0.64,0.27,0.32
1.89,1.95,4.45,129432.0,129333.0,40000.0,0.66,0.28,0.29
1.92,2.09,4.63,128962.0,129891.0,41000.0,0.66,0.28,0.3
1.95,1.91,4.46,129054.0,128869.0,42000.0,0.71,0.27,0.28
1.94,1.91,4.46,129593.0,129068.0,43000.0,0.71,0.29,0.29
1.91,1.91,4.4,128926.0,129193.0,44000.0,0.68,0.27,0.27
1.91,1.93,4.42,129192.0,129334.0,45000.0,0.63,0.27,0.28
1.91,1.91,4.41,129300.0,129657.0,46000.0,0.65,0.27,0.28
1.95,1.91,4.44,128839.0,129097.0,47000.0,0.66,0.27,0.28
1.96,1.91,4.57,129451.0,129243.0,48000.0,0.64,0.35,0.31
2.02,1.91,4.58,129244.0,129728.0,49000.0,0.64,0.31,0.3
2.04,2.04,4.73,128664.0,129247.0,50000.0,0.71,0.28,0.34
1.91,1.97,4.5,128912.0,128465.0,51000.0,0.62,0.27,0.32
1.89,1.9,4.37,129303.0,129538.0,52000.0,0.67,0.27,0.28
1.89,1.91,4.39,129787.0,129786.0,53000.0,0.64,0.28,0.28
1.96,1.94,4.58,129509.0,129555.0,54000.0,0.6,0.32,0.33
1.89,1.9,4.36,129321.0,129626.0,55000.0,0.67,0.27,0.27
1.91,1.94,4.43,129490.0,129479.0,56000.0,0.64,0.27,0.28
1.95,1.96,4.54,129603.0,129497.0,57000.0,0.69,0.31,0.28
1.93,1.98,4.58,128854.0,129603.0,58000.0,0.61,0.31,0.32
1.91,1.93,4.43,128729.0,130060.0,59000.0,0.67,0.28,0.28
1.89,1.9,4.37,129049.0,129303.0,60000.0,0.66,0.27,0.27
2.0,2.04,4.71,129091.0,129699.0,61000.0,0.65,0.32,0.33
1.89,1.9,4.38,129745.0,129904.0,62000.0,0.68,0.27,0.28
1.88,1.91,4.37,128589.0,129170.0,63000.0,0.65,0.27,0.27
1.9,1.99,4.48,129124.0,128752.0,64000.0,0.63,0.27,0.28
1.89,1.92,4.43,129453.0,129403.0,65000.0,0.66,0.31,0.27
1.98,1.93,4.51,128982.0,129143.0,66000.0,0.67,0.27,0.29
1.98,2.13,4.83,129354.0,128830.0,67000.0,0.64,0.29,0.39
2.12,2.35,5.22,129523.0,129236.0,68000.0,0.77,0.39,0.33
2.02,1.94,4.63,129243.0,129341.0,69000.0,0.64,0.3,0.32
2.02,2.0,4.71,129037.0,129460.0,70000.0,0.62,0.33,0.32
2.06,1.9,4.65,129472.0,128827.0,71000.0,0.61,0.3,0.35
1.9,1.89,4.61,129348.0,129221.0,72000.0,0.65,0.27,0.52
1.95,1.98,4.61,130062.0,129249.0,73000.0,0.61,0.31,0.34
2.02,1.98,4.68,129894.0,129237.0,74000.0,0.63,0.32,0.33
1.99,1.95,4.56,129348.0,129130.0,75000.0,0.67,0.27,0.31
1.91,1.97,4.45,128686.0,129062.0,76000.0,0.67,0.27,0.27
2.01,1.95,4.57,124415.0,124805.0,77000.0,0.65,0.3,0.29
2.01,1.96,4.58,125447.0,125264.0,78000.0,0.67,0.27,0.31
1.89,1.87,4.34,128140.0,128686.0,79000.0,0.66,0.27,0.28
1.9,1.91,4.4,129452.0,129871.0,80000.0,0.67,0.27,0.28
1.94,1.91,4.47,129270.0,128795.0,81000.0,0.62,0.28,0.32
1.98,2.0,4.64,128948.0,128483.0,82000.0,0.59,0.31,0.31
1.9,1.92,4.4,129078.0,129152.0,83000.0,0.64,0.27,0.27
1.95,1.96,4.51,129710.0,128764.0,84000.0,0.67,0.29,0.28
1.9,1.91,4.38,127421.0,126757.0,85000.0,0.67,0.26,0.27
