test_id,sub_id,solver,diff_algo,probe_x,probe_y,probe_z,time,picard_order,nrealisations,E,SE,ref,sigma,pass
B5,default,gpu_wf,DS,0,0,0,inf,1,10000,673.3195526,7.077757e-01,672,1.8644,1
B5,default,gpu_wf,DS,0.1,0.05,-0.05,inf,1,10000,676.3961956,7.042195e-01,676.325,0.1011,1
B5,default,gpu_wf,DS,-0.1,0.1,0,inf,1,10000,673.6634095,7.040541e-01,673.65,0.0190,1
B5,default,gpu_wf,DS,0.05,-0.1,0.08,inf,1,10000,676.0922354,7.039117e-01,675.295,1.1326,1
B5,default,gpu_wf,DS,-0.08,0.06,0.04,inf,1,10000,674.6165402,7.083501e-01,675.74,1.5860,1
B5,default,gpu_wf,DS,0,-0.12,0,inf,1,10000,661.9815833,6.995019e-01,663.36,1.9706,1
B5,default,gpu_wf,DS,0.07,0.07,0.07,inf,1,10000,686.0795719,7.059050e-01,687.68,2.2672,1
B5,default,gpu_wf,DS,-0.05,-0.05,-0.05,inf,1,10000,660.3797713,7.121143e-01,660.8,0.5901,1
B5,default,gpu_wf,DS,0.12,0,0,inf,1,10000,678.7726648,7.058932e-01,678.66,0.1596,1
B5,default,gpu_wf,DS,0,0,-0.1,inf,1,10000,662.7566978,7.116591e-01,662.35,0.5715,1
