test,param,build_ms,trace_ms,mrays_per_sec,grays_per_sec,hit_rate
CornellBox,1024,0.032768,31.25,0.03125,1
CornellBox,4096,0.027648,148.148,0.148148,1
CornellBox,16384,0.027648,592.593,0.592593,1
CornellBox,65536,0.023552,2782.61,2.78261,1
CornellBox,262144,0.044992,5826.46,5.82646,1
CornellBox,1048576,0.126848,8266.4,8.2664,1
CornellBox,4194304,0.402432,10422.4,10.4224,1
CornellBox,16777216,1.61894,10363.1,10.3631,1
CornellBox,67108864,6.2208,10787.8,10.7878,1
complexity,1,0.3833,0.100352,10449,10.449,1
complexity,30,0.2963,0.11264,9309.09,9.30909,1
complexity,1000,0.4449,0.091936,11405.5,11.4055,0.00753403
complexity,10000,1.1442,0.226304,4633.48,4.63348,0.0851603
complexity,100000,3.6053,0.871136,1203.69,1.20369,0.598531
complexity,500000,12.6826,0.94096,1114.37,1.11437,0.987797
complexity,1000000,24.0207,0.838656,1250.31,1.25031,0.999817
multistream,1,4194304,0.4712,8901.32,8.90132
multistream,2,2097152,0.419744,9992.53,9.99253
multistream,4,1048576,0.454528,9227.82,9.22782
multistream,8,524288,0.437536,9586.19,9.58619
instancing,1,0.3176,0.11264,9309.09,9.30909,1
instancing,10,18.8749,0.13696,7656.07,7.65607,0.873004
instancing,100,15.9792,0.198656,5278.35,5.27835,0.928025
instancing,1000,165.127,0.232448,4511.01,4.51101,0.906058
instancing,10000,1696.53,0.29696,3531.03,3.53103,0.970929
cp_sweep,1024,0,1.61626,0.633563,0.000633563,1
cp_sweep,4096,0,1.63328,2.50784,0.00250784,1
cp_sweep,16384,0,1.63123,10.0439,0.0100439,1
cp_sweep,65536,0,5.82339,11.2539,0.0112539,1
cp_sweep,262144,0,22.7226,11.5367,0.0115367,1
cp_sweep,1048576,0,90.0249,11.6476,0.0116476,1
cp_sweep,4194304,0,354.987,11.8154,0.0118154,1
cp_sweep,16777216,0,1420.6,11.81,0.01181,1
cp_sweep,67108864,0,5680.55,11.8138,0.0118138,1
cp_complexity,1,0.4413,0.516096,2031.75,2.03175,1
cp_complexity,30,0.3369,7.57174,138.485,0.138485,1
cp_complexity,1000,0.3589,53.362,19.6502,0.0196502,1
cp_complexity,10000,1.0609,67.2123,15.601,0.015601,1
cp_complexity,100000,4.368,89.4595,11.7212,0.0117212,1
cp_complexity,500000,23.6778,109.728,9.55617,0.00955617,1
cp_complexity,1000000,42.6894,120.087,8.73177,0.00873177,1
# Realistic A: Single-Batch Width
real_a_width,ray_count,T_submit_us,T_params_us,T_kernel_ms,T_total_ms,ker_MRays_s,tot_MRays_s,GRays_s,hit_rate
real_a_width,256,79.5,26.496,0.04096,0.064192,6.25,3.98804,0.00625,0.09375
real_a_width,1024,82,27.968,0.04608,0.072384,22.2222,14.1468,0.0222222,0.0820312
real_a_width,4096,86.3,36.864,0.038912,0.075776,105.263,54.0541,0.105263,0.0773926
real_a_width,8192,93.8,36.864,0.047104,0.083968,173.913,97.561,0.173913,0.079834
real_a_width,16384,67.8,26.496,0.038528,0.064512,425.249,253.968,0.425249,0.079895
real_a_width,32768,64.4,24.672,0.043936,0.068608,745.812,477.612,0.745812,0.0785217
real_a_width,65536,59.4,5.12,0.047104,0.052224,1391.3,1254.9,1.3913,0.0776978
real_a_width,131072,19.9,2.048,0.049152,0.052192,2666.67,2511.34,2.66667,0.0778809
real_a_width,262144,56.1,5.056,0.084736,0.089088,3093.66,2942.53,3.09366,0.0777664
real_a_width,524288,18.4,4.768,0.120832,0.124608,4338.98,4207.5,4.33898,0.0774212
real_a_width,1048576,19.5,4.832,0.221184,0.22384,4740.74,4684.49,4.74074,0.0778093
real_a_width,2097152,19.2,4.992,0.415744,0.4208,5044.33,4983.73,5.04433,0.0775828
real_a_width,4194304,62.3,6.08,0.835584,0.841664,5019.61,4983.35,5.01961,0.0776596
real_a_width,8388608,110.2,34.592,1.63021,1.6648,5145.73,5038.81,5.14573,0.0776192
real_a_width,16777216,301.4,84.992,3.28397,3.36896,5108.82,4979.94,5.10882,0.0775949
real_a_width,33554432,110.8,15.36,6.38464,6.39482,5255.49,5247.13,5.25549,0.0776451
real_a_width,67108864,169.8,31.072,12.6788,12.7099,5292.99,5280.05,5.29299,0.0776702
real_a_width,134217728,149.7,25.856,25.2444,25.2702,5316.74,5311.3,5.31674,0.0776619
# W_sat=8388608 (confirmed)
# Realistic B1: Dual-stream async
real_b1_async,num_batches,total_ms,avg_batch_ms,MRays_s,p50_ms,p99_ms,max_ms,overlap_ratio
real_b1_async,8,1.66912,0.37588,5025.77,0.393216,0.395264,0.395264,1.80157
real_b1_async,16,3.21632,0.386432,5216.28,0.39424,0.401408,0.401408,1.92236
real_b1_async,32,6.42285,0.390048,5224.23,0.39424,0.402432,0.402432,1.9433
real_b1_async,64,12.7347,0.391312,5269.77,0.393216,0.398336,0.398336,1.96659
real_b1_async,128,25.3837,0.392525,5287.55,0.393216,0.398336,0.39936,1.97935
real_b1_async,256,50.7311,0.393224,5291.34,0.393216,0.398336,0.39936,1.98429
# Realistic B2: Single-stream interval sweep
real_b2_interval,interval_us,total_ms,avg_batch_ms,MRays_s,effective_util
real_b2_interval,0,16.644,0.260062,4032.02,100
real_b2_interval,10,16.7956,0.262432,3995.61,99.0969
real_b2_interval,50,20.9582,0.327471,3202.04,79.4152
real_b2_interval,100,23.1752,0.362112,2895.72,71.8181
real_b2_interval,500,49.0751,0.766798,1367.47,33.9153
real_b2_interval,1000,80.9165,1.26432,829.36,20.5693
real_b2_interval,5000,339.182,5.29972,197.855,4.90709
# Realistic C: Extreme sustained workload
real_c_sustained,window_sec,batches_in_window,MRays_s,p50_ms,p99_ms,max_ms
real_c_sustained,1,970,8136.95,3.15494,3.49901,4.59674
real_c_sustained,2,1600,13421.8,3.15494,3.49901,4.59674
real_c_sustained,3,2235,18748.5,3.15494,3.49696,4.59674
real_c_sustained,4,2865,24033.4,3.15494,3.49901,4.59674
real_c_sustained,5,3488,29259.5,3.15494,3.49594,4.59674
real_c_sustained,6,4120,34561.1,3.15494,3.49901,4.61517
real_c_sustained,7,4746,39812.3,3.15802,3.52461,4.61517
real_c_sustained,8,5376,45097.2,3.15904,3.66592,4.61517
real_c_sustained,9,6006,50382,3.15904,3.52461,4.61517
real_c_sustained,10,6638,55683.6,3.15904,3.49594,4.61517
real_c_sustained,total,6638,5283.37,,,
