ID,Estimated Speedup,Function Name,Demangled Name,"Duration""""(3.19721e+08)","Runtime Improvement""""(5.83858e+07)",Compute Throughput,Memory Throughput,# Registers,Grid Size,Block Size
0,22.32,trace_rays_topk_kernel,trace_rays_topk_kernel..,0.23,0.05,8.72,22.47,86,"  173,    1,    1","  256,    1,    1"
1,50.00,trace_rays_topk_kernel,trace_rays_topk_kernel..,0.28,0.14,15.82,41.71,86,"  262,    1,    1","  256,    1,    1"
2,50.00,trace_rays_topk_kernel,trace_rays_topk_kernel..,0.29,0.15,18.18,44.39,86,"  272,    1,    1","  256,    1,    1"
3,24.08,trace_rays_topk_kernel,trace_rays_topk_kernel..,0.25,0.06,11.37,29.54,86,"  208,    1,    1","  256,    1,    1"
4,50.00,trace_rays_topk_kernel,trace_rays_topk_kernel..,0.27,0.14,19.10,53.21,86,"  259,    1,    1","  256,    1,    1"
5,50.00,trace_rays_topk_kernel,trace_rays_topk_kernel..,0.35,0.17,20.76,62.54,86,"  303,    1,    1","  256,    1,    1"
6,20.17,trace_rays_topk_kernel,trace_rays_topk_kernel..,0.47,0.10,23.68,69.71,86,"  408,    1,    1","  256,    1,    1"
7,18.70,trace_rays_topk_kernel,trace_rays_topk_kernel..,0.45,0.08,22.53,63.98,86,"  418,    1,    1","  256,    1,    1"
8,18.80,trace_rays_topk_kernel,trace_rays_topk_kernel..,0.52,0.10,24.99,68.96,86,"  481,    1,    1","  256,    1,    1"
9,50.00,trace_rays_topk_kernel,trace_rays_topk_kernel..,0.38,0.19,20.96,62.95,86,"  385,    1,    1","  256,    1,    1"
10,19.92,trace_rays_topk_kernel,trace_rays_topk_kernel..,0.53,0.11,24.77,69.20,86,"  493,    1,    1","  256,    1,    1"
11,50.00,trace_rays_topk_kernel,trace_rays_topk_kernel..,0.42,0.21,23.59,64.93,86,"  398,    1,    1","  256,    1,    1"
12,16.86,trace_rays_topk_kernel,trace_rays_topk_kernel..,0.56,0.09,26.50,73.93,86,"  567,    1,    1","  256,    1,    1"
13,50.00,trace_rays_topk_kernel,trace_rays_topk_kernel..,0.46,0.23,23.12,68.25,86,"  467,    1,    1","  256,    1,    1"
14,16.95,trace_rays_topk_kernel,trace_rays_topk_kernel..,0.58,0.10,25.33,73.12,86,"  560,    1,    1","  256,    1,    1"
15,50.00,trace_rays_topk_kernel,trace_rays_topk_kernel..,0.44,0.22,23.96,68.14,86,"  458,    1,    1","  256,    1,    1"
16,15.97,trace_rays_topk_kernel,trace_rays_topk_kernel..,0.57,0.09,25.84,72.29,86,"  549,    1,    1","  256,    1,    1"
17,50.00,trace_rays_topk_kernel,trace_rays_topk_kernel..,0.45,0.23,24.17,68.13,86,"  456,    1,    1","  256,    1,    1"
18,17.73,trace_rays_topk_kernel,trace_rays_topk_kernel..,0.57,0.10,25.73,73.52,86,"  553,    1,    1","  256,    1,    1"
19,50.00,trace_rays_topk_kernel,trace_rays_topk_kernel..,0.46,0.23,24.23,68.49,86,"  458,    1,    1","  256,    1,    1"
20,16.04,trace_rays_topk_kernel,trace_rays_topk_kernel..,0.57,0.09,26.11,73.83,86,"  552,    1,    1","  256,    1,    1"
21,50.00,trace_rays_topk_kernel,trace_rays_topk_kernel..,0.46,0.23,24.39,68.74,86,"  459,    1,    1","  256,    1,    1"
22,16.39,trace_rays_topk_kernel,trace_rays_topk_kernel..,0.59,0.10,24.99,71.68,86,"  550,    1,    1","  256,    1,    1"
23,50.00,trace_rays_topk_kernel,trace_rays_topk_kernel..,0.47,0.24,24.29,67.64,86,"  461,    1,    1","  256,    1,    1"
24,17.17,trace_rays_topk_kernel,trace_rays_topk_kernel..,1.14,0.20,25.34,67.69,86,"  547,    1,    1","  256,    1,    1"
25,50.00,trace_rays_topk_kernel,trace_rays_topk_kernel..,0.46,0.23,23.83,71.40,86,"  463,    1,    1","  256,    1,    1"
26,17.26,trace_rays_topk_kernel,trace_rays_topk_kernel..,0.57,0.10,25.95,74.74,86,"  549,    1,    1","  256,    1,    1"
27,50.00,trace_rays_topk_kernel,trace_rays_topk_kernel..,0.49,0.25,23.61,66.64,86,"  463,    1,    1","  256,    1,    1"
28,16.88,trace_rays_topk_kernel,trace_rays_topk_kernel..,0.57,0.10,25.24,73.91,86,"  546,    1,    1","  256,    1,    1"
29,50.00,trace_rays_topk_kernel,trace_rays_topk_kernel..,0.48,0.24,23.83,70.17,86,"  465,    1,    1","  256,    1,    1"
30,17.55,trace_rays_topk_kernel,trace_rays_topk_kernel..,0.58,0.10,24.84,73.17,86,"  546,    1,    1","  256,    1,    1"
31,50.00,trace_rays_topk_kernel,trace_rays_topk_kernel..,0.51,0.25,23.06,66.18,86,"  465,    1,    1","  256,    1,    1"
32,16.00,trace_rays_topk_kernel,trace_rays_topk_kernel..,0.59,0.09,25.02,72.34,86,"  545,    1,    1","  256,    1,    1"
33,20.44,trace_rays_topk_kernel,trace_rays_topk_kernel..,0.52,0.11,23.92,65.29,86,"  469,    1,    1","  256,    1,    1"
34,17.74,trace_rays_topk_kernel,trace_rays_topk_kernel..,0.57,0.10,25.37,73.70,86,"  541,    1,    1","  256,    1,    1"
35,50.00,trace_rays_topk_kernel,trace_rays_topk_kernel..,0.50,0.25,24.20,68.13,86,"  469,    1,    1","  256,    1,    1"
36,16.27,trace_rays_topk_kernel,trace_rays_topk_kernel..,0.58,0.09,25.23,73.64,86,"  543,    1,    1","  256,    1,    1"
37,50.00,trace_rays_topk_kernel,trace_rays_topk_kernel..,0.51,0.26,23.41,68.16,86,"  471,    1,    1","  256,    1,    1"
38,17.08,trace_rays_topk_kernel,trace_rays_topk_kernel..,0.57,0.10,25.47,74.75,86,"  542,    1,    1","  256,    1,    1"
39,50.00,trace_rays_topk_kernel,trace_rays_topk_kernel..,0.49,0.24,24.69,71.28,86,"  470,    1,    1","  256,    1,    1"
40,17.00,trace_rays_topk_kernel,trace_rays_topk_kernel..,0.57,0.10,25.88,74.93,86,"  541,    1,    1","  256,    1,    1"
41,50.00,trace_rays_topk_kernel,trace_rays_topk_kernel..,0.51,0.25,24.88,69.95,86,"  471,    1,    1","  256,    1,    1"
42,16.47,trace_rays_topk_kernel,trace_rays_topk_kernel..,0.58,0.10,25.50,73.94,86,"  541,    1,    1","  256,    1,    1"
43,18.01,trace_rays_topk_kernel,trace_rays_topk_kernel..,0.50,0.09,24.26,71.78,86,"  474,    1,    1","  256,    1,    1"
44,15.88,trace_rays_topk_kernel,trace_rays_topk_kernel..,0.57,0.09,24.71,74.42,86,"  537,    1,    1","  256,    1,    1"
45,50.00,trace_rays_topk_kernel,trace_rays_topk_kernel..,0.49,0.24,24.90,73.55,86,"  474,    1,    1","  256,    1,    1"
46,17.38,trace_rays_topk_kernel,trace_rays_topk_kernel..,0.59,0.10,24.82,72.39,86,"  538,    1,    1","  256,    1,    1"
47,50.00,trace_rays_topk_kernel,trace_rays_topk_kernel..,0.49,0.25,24.08,73.18,86,"  475,    1,    1","  256,    1,    1"
48,16.73,trace_rays_topk_kernel,trace_rays_topk_kernel..,0.59,0.10,24.03,71.67,86,"  535,    1,    1","  256,    1,    1"
49,50.00,trace_rays_topk_kernel,trace_rays_topk_kernel..,0.52,0.26,23.99,73.42,86,"  477,    1,    1","  256,    1,    1"
50,16.84,trace_rays_topk_kernel,trace_rays_topk_kernel..,0.57,0.10,25.57,75.72,86,"  537,    1,    1","  256,    1,    1"
51,18.16,trace_rays_topk_kernel,trace_rays_topk_kernel..,0.51,0.09,24.11,71.43,86,"  476,    1,    1","  256,    1,    1"
52,16.67,trace_rays_topk_kernel,trace_rays_topk_kernel..,0.57,0.10,25.09,74.61,86,"  535,    1,    1","  256,    1,    1"
53,50.00,trace_rays_topk_kernel,trace_rays_topk_kernel..,0.52,0.26,23.54,71.51,86,"  476,    1,    1","  256,    1,    1"
54,17.21,trace_rays_topk_kernel,trace_rays_topk_kernel..,0.57,0.10,24.87,74.98,86,"  536,    1,    1","  256,    1,    1"
55,50.00,trace_rays_topk_kernel,trace_rays_topk_kernel..,0.52,0.26,24.44,71.21,86,"  478,    1,    1","  256,    1,    1"
56,17.96,trace_rays_topk_kernel,trace_rays_topk_kernel..,0.59,0.11,25.08,77.94,86,"  534,    1,    1","  256,    1,    1"
57,50.00,trace_rays_topk_kernel,trace_rays_topk_kernel..,0.53,0.27,23.93,70.62,86,"  478,    1,    1","  256,    1,    1"
58,16.09,trace_rays_topk_kernel,trace_rays_topk_kernel..,0.58,0.09,25.39,74.34,86,"  533,    1,    1","  256,    1,    1"
59,50.00,trace_rays_topk_kernel,trace_rays_topk_kernel..,0.52,0.26,24.73,71.88,86,"  479,    1,    1","  256,    1,    1"
60,17.06,trace_rays_topk_kernel,trace_rays_topk_kernel..,0.58,0.10,25.72,74.38,86,"  533,    1,    1","  256,    1,    1"
61,17.06,trace_rays_topk_kernel,trace_rays_topk_kernel..,0.52,0.09,24.46,73.40,86,"  478,    1,    1","  256,    1,    1"
62,16.81,trace_rays_topk_kernel,trace_rays_topk_kernel..,0.59,0.10,25.04,73.59,86,"  532,    1,    1","  256,    1,    1"
63,50.00,trace_rays_topk_kernel,trace_rays_topk_kernel..,0.53,0.26,24.22,72.38,86,"  478,    1,    1","  256,    1,    1"
64,16.65,trace_rays_topk_kernel,trace_rays_topk_kernel..,0.58,0.10,25.19,75.30,86,"  534,    1,    1","  256,    1,    1"
65,50.00,trace_rays_topk_kernel,trace_rays_topk_kernel..,0.52,0.26,24.94,73.86,86,"  481,    1,    1","  256,    1,    1"
66,33.33,trace_rays_topk_kernel,trace_rays_topk_kernel..,0.58,0.19,25.41,74.25,86,"  531,    1,    1","  256,    1,    1"
67,50.00,trace_rays_topk_kernel,trace_rays_topk_kernel..,0.54,0.27,24.58,71.57,86,"  479,    1,    1","  256,    1,    1"
68,18.57,trace_rays_topk_kernel,trace_rays_topk_kernel..,0.60,0.11,24.53,72.46,86,"  532,    1,    1","  256,    1,    1"
69,50.00,trace_rays_topk_kernel,trace_rays_topk_kernel..,0.53,0.26,23.95,73.18,86,"  480,    1,    1","  256,    1,    1"
70,19.38,trace_rays_topk_kernel,trace_rays_topk_kernel..,0.60,0.12,24.76,73.15,86,"  532,    1,    1","  256,    1,    1"
71,50.00,trace_rays_topk_kernel,trace_rays_topk_kernel..,0.55,0.27,24.32,70.80,86,"  481,    1,    1","  256,    1,    1"
72,15.69,trace_rays_topk_kernel,trace_rays_topk_kernel..,0.59,0.09,24.87,74.15,86,"  530,    1,    1","  256,    1,    1"
73,50.00,trace_rays_topk_kernel,trace_rays_topk_kernel..,0.53,0.26,24.63,73.66,86,"  481,    1,    1","  256,    1,    1"
74,17.05,trace_rays_topk_kernel,trace_rays_topk_kernel..,0.58,0.10,24.91,74.67,86,"  530,    1,    1","  256,    1,    1"
75,17.95,trace_rays_topk_kernel,trace_rays_topk_kernel..,0.53,0.09,23.52,73.93,86,"  483,    1,    1","  256,    1,    1"
76,16.77,trace_rays_topk_kernel,trace_rays_topk_kernel..,0.60,0.10,24.68,72.05,86,"  529,    1,    1","  256,    1,    1"
77,17.70,trace_rays_topk_kernel,trace_rays_topk_kernel..,0.55,0.10,23.70,71.90,86,"  483,    1,    1","  256,    1,    1"
78,16.40,trace_rays_topk_kernel,trace_rays_topk_kernel..,0.59,0.10,24.70,74.07,86,"  528,    1,    1","  256,    1,    1"
79,50.00,trace_rays_topk_kernel,trace_rays_topk_kernel..,0.53,0.26,24.49,74.42,86,"  483,    1,    1","  256,    1,    1"
80,17.73,trace_rays_topk_kernel,trace_rays_topk_kernel..,0.59,0.11,23.59,73.59,86,"  530,    1,    1","  256,    1,    1"
81,50.00,trace_rays_topk_kernel,trace_rays_topk_kernel..,0.54,0.27,24.35,73.31,86,"  482,    1,    1","  256,    1,    1"
82,19.07,trace_rays_topk_kernel,trace_rays_topk_kernel..,0.60,0.11,24.23,72.68,86,"  529,    1,    1","  256,    1,    1"
83,17.07,trace_rays_topk_kernel,trace_rays_topk_kernel..,0.53,0.09,24.37,74.75,86,"  484,    1,    1","  256,    1,    1"
84,14.44,trace_rays_topk_kernel,trace_rays_topk_kernel..,0.58,0.08,21.14,75.60,86,"  530,    1,    1","  256,    1,    1"
85,18.76,trace_rays_topk_kernel,trace_rays_topk_kernel..,0.55,0.10,24.47,72.45,86,"  484,    1,    1","  256,    1,    1"
86,17.42,trace_rays_topk_kernel,trace_rays_topk_kernel..,0.60,0.10,24.63,72.94,86,"  527,    1,    1","  256,    1,    1"
87,18.38,trace_rays_topk_kernel,trace_rays_topk_kernel..,0.55,0.10,23.76,72.78,86,"  484,    1,    1","  256,    1,    1"
88,15.43,trace_rays_topk_kernel,trace_rays_topk_kernel..,0.60,0.09,24.37,72.80,86,"  528,    1,    1","  256,    1,    1"
89,50.00,trace_rays_topk_kernel,trace_rays_topk_kernel..,0.55,0.28,24.39,72.91,86,"  485,    1,    1","  256,    1,    1"
90,16.92,trace_rays_topk_kernel,trace_rays_topk_kernel..,0.59,0.10,24.65,75.09,86,"  528,    1,    1","  256,    1,    1"
91,17.13,trace_rays_topk_kernel,trace_rays_topk_kernel..,0.53,0.09,24.58,75.65,86,"  484,    1,    1","  256,    1,    1"
92,15.97,trace_rays_topk_kernel,trace_rays_topk_kernel..,0.60,0.10,23.77,72.76,86,"  526,    1,    1","  256,    1,    1"
93,17.40,trace_rays_topk_kernel,trace_rays_topk_kernel..,0.56,0.10,24.50,72.50,86,"  486,    1,    1","  256,    1,    1"
94,15.73,trace_rays_topk_kernel,trace_rays_topk_kernel..,0.62,0.10,23.95,71.89,86,"  526,    1,    1","  256,    1,    1"
95,17.17,trace_rays_topk_kernel,trace_rays_topk_kernel..,0.56,0.10,23.78,73.19,86,"  487,    1,    1","  256,    1,    1"
96,16.55,trace_rays_topk_kernel,trace_rays_topk_kernel..,0.60,0.10,24.10,73.57,86,"  525,    1,    1","  256,    1,    1"
97,50.00,trace_rays_topk_kernel,trace_rays_topk_kernel..,0.55,0.27,23.95,74.30,86,"  486,    1,    1","  256,    1,    1"
98,17.09,trace_rays_topk_kernel,trace_rays_topk_kernel..,0.61,0.10,23.94,72.99,86,"  527,    1,    1","  256,    1,    1"
99,17.23,trace_rays_topk_kernel,trace_rays_topk_kernel..,0.54,0.09,24.74,75.56,86,"  484,    1,    1","  256,    1,    1"
100,17.93,trace_rays_topk_kernel,trace_rays_topk_kernel..,0.61,0.11,24.35,72.74,86,"  526,    1,    1","  256,    1,    1"
101,17.17,trace_rays_topk_kernel,trace_rays_topk_kernel..,0.94,0.16,23.77,67.36,86,"  486,    1,    1","  256,    1,    1"
102,16.83,trace_rays_topk_kernel,trace_rays_topk_kernel..,0.61,0.10,24.65,73.33,86,"  526,    1,    1","  256,    1,    1"
103,17.14,trace_rays_topk_kernel,trace_rays_topk_kernel..,0.55,0.09,23.90,74.51,86,"  487,    1,    1","  256,    1,    1"
104,16.73,trace_rays_topk_kernel,trace_rays_topk_kernel..,2.04,0.34,24.10,63.86,86,"  526,    1,    1","  256,    1,    1"
105,18.27,trace_rays_topk_kernel,trace_rays_topk_kernel..,0.56,0.10,24.02,73.83,86,"  486,    1,    1","  256,    1,    1"
106,17.29,trace_rays_topk_kernel,trace_rays_topk_kernel..,0.62,0.11,23.65,71.92,86,"  526,    1,    1","  256,    1,    1"
107,17.21,trace_rays_topk_kernel,trace_rays_topk_kernel..,0.57,0.10,23.79,72.55,86,"  485,    1,    1","  256,    1,    1"
108,17.24,trace_rays_topk_kernel,trace_rays_topk_kernel..,0.61,0.11,24.19,73.44,86,"  526,    1,    1","  256,    1,    1"
109,50.00,trace_rays_topk_kernel,trace_rays_topk_kernel..,0.55,0.27,24.47,75.65,86,"  487,    1,    1","  256,    1,    1"
110,16.94,trace_rays_topk_kernel,trace_rays_topk_kernel..,0.62,0.10,23.96,72.95,86,"  525,    1,    1","  256,    1,    1"
111,16.83,trace_rays_topk_kernel,trace_rays_topk_kernel..,0.56,0.09,24.07,74.72,86,"  488,    1,    1","  256,    1,    1"
112,16.02,trace_rays_topk_kernel,trace_rays_topk_kernel..,0.60,0.10,24.24,75.46,86,"  525,    1,    1","  256,    1,    1"
113,17.77,trace_rays_topk_kernel,trace_rays_topk_kernel..,0.57,0.10,23.99,72.76,86,"  487,    1,    1","  256,    1,    1"
114,16.99,trace_rays_topk_kernel,trace_rays_topk_kernel..,0.61,0.10,23.97,74.15,86,"  527,    1,    1","  256,    1,    1"
115,16.82,trace_rays_topk_kernel,trace_rays_topk_kernel..,0.55,0.09,23.99,75.00,86,"  486,    1,    1","  256,    1,    1"
116,17.41,trace_rays_topk_kernel,trace_rays_topk_kernel..,0.60,0.10,24.17,74.45,86,"  524,    1,    1","  256,    1,    1"
117,50.00,trace_rays_topk_kernel,trace_rays_topk_kernel..,0.56,0.28,23.69,74.41,86,"  488,    1,    1","  256,    1,    1"
118,16.29,trace_rays_topk_kernel,trace_rays_topk_kernel..,0.60,0.10,24.64,75.45,86,"  525,    1,    1","  256,    1,    1"
119,19.58,trace_rays_topk_kernel,trace_rays_topk_kernel..,0.58,0.11,23.03,71.67,86,"  487,    1,    1","  256,    1,    1"
120,15.34,trace_rays_topk_kernel,trace_rays_topk_kernel..,0.61,0.09,24.29,74.17,86,"  523,    1,    1","  256,    1,    1"
121,50.00,trace_rays_topk_kernel,trace_rays_topk_kernel..,0.56,0.28,24.08,75.31,86,"  487,    1,    1","  256,    1,    1"
122,16.99,trace_rays_topk_kernel,trace_rays_topk_kernel..,0.61,0.10,24.31,74.43,86,"  525,    1,    1","  256,    1,    1"
123,17.64,trace_rays_topk_kernel,trace_rays_topk_kernel..,0.56,0.10,23.94,74.61,86,"  488,    1,    1","  256,    1,    1"
124,16.18,trace_rays_topk_kernel,trace_rays_topk_kernel..,0.60,0.10,24.03,74.72,86,"  524,    1,    1","  256,    1,    1"
125,16.93,trace_rays_topk_kernel,trace_rays_topk_kernel..,0.57,0.10,23.78,73.68,86,"  489,    1,    1","  256,    1,    1"
126,16.89,trace_rays_topk_kernel,trace_rays_topk_kernel..,0.61,0.10,23.86,77.29,86,"  523,    1,    1","  256,    1,    1"
127,17.91,trace_rays_topk_kernel,trace_rays_topk_kernel..,0.56,0.10,23.59,74.62,86,"  487,    1,    1","  256,    1,    1"
128,17.44,trace_rays_topk_kernel,trace_rays_topk_kernel..,0.63,0.11,23.87,72.63,86,"  525,    1,    1","  256,    1,    1"
129,17.66,trace_rays_topk_kernel,trace_rays_topk_kernel..,0.96,0.17,24.17,68.17,86,"  488,    1,    1","  256,    1,    1"
130,18.02,trace_rays_topk_kernel,trace_rays_topk_kernel..,0.61,0.11,24.52,74.77,86,"  523,    1,    1","  256,    1,    1"
131,50.00,trace_rays_topk_kernel,trace_rays_topk_kernel..,0.59,0.29,23.44,71.84,86,"  487,    1,    1","  256,    1,    1"
132,16.75,trace_rays_topk_kernel,trace_rays_topk_kernel..,0.60,0.10,24.24,75.52,86,"  524,    1,    1","  256,    1,    1"
133,18.17,trace_rays_topk_kernel,trace_rays_topk_kernel..,0.57,0.10,23.74,74.17,86,"  488,    1,    1","  256,    1,    1"
134,17.24,trace_rays_topk_kernel,trace_rays_topk_kernel..,1.02,0.18,23.51,65.99,86,"  523,    1,    1","  256,    1,    1"
135,19.64,trace_rays_topk_kernel,trace_rays_topk_kernel..,0.59,0.12,22.73,72.25,86,"  491,    1,    1","  256,    1,    1"
136,16.50,trace_rays_topk_kernel,trace_rays_topk_kernel..,0.61,0.10,24.05,74.53,86,"  522,    1,    1","  256,    1,    1"
137,16.09,trace_rays_topk_kernel,trace_rays_topk_kernel..,0.56,0.09,20.66,75.65,86,"  488,    1,    1","  256,    1,    1"
138,16.08,trace_rays_topk_kernel,trace_rays_topk_kernel..,0.63,0.10,23.55,72.55,86,"  523,    1,    1","  256,    1,    1"
139,18.09,trace_rays_topk_kernel,trace_rays_topk_kernel..,0.57,0.10,24.30,75.02,86,"  492,    1,    1","  256,    1,    1"
140,16.40,trace_rays_topk_kernel,trace_rays_topk_kernel..,0.61,0.10,24.01,74.17,86,"  520,    1,    1","  256,    1,    1"
141,19.38,trace_rays_topk_kernel,trace_rays_topk_kernel..,0.57,0.11,23.32,74.49,86,"  488,    1,    1","  256,    1,    1"
142,16.76,trace_rays_topk_kernel,trace_rays_topk_kernel..,1.02,0.17,23.91,66.82,86,"  524,    1,    1","  256,    1,    1"
143,17.98,trace_rays_topk_kernel,trace_rays_topk_kernel..,0.58,0.10,23.74,73.20,86,"  490,    1,    1","  256,    1,    1"
144,16.77,trace_rays_topk_kernel,trace_rays_topk_kernel..,0.61,0.10,23.80,75.50,86,"  521,    1,    1","  256,    1,    1"
145,17.64,trace_rays_topk_kernel,trace_rays_topk_kernel..,0.59,0.10,23.75,73.26,86,"  491,    1,    1","  256,    1,    1"
146,16.91,trace_rays_topk_kernel,trace_rays_topk_kernel..,0.99,0.17,24.45,70.04,86,"  522,    1,    1","  256,    1,    1"
147,16.57,trace_rays_topk_kernel,trace_rays_topk_kernel..,0.56,0.09,24.47,76.15,86,"  490,    1,    1","  256,    1,    1"
148,17.22,trace_rays_topk_kernel,trace_rays_topk_kernel..,1.01,0.17,23.36,66.87,86,"  521,    1,    1","  256,    1,    1"
149,17.02,trace_rays_topk_kernel,trace_rays_topk_kernel..,0.59,0.10,24.15,72.70,86,"  492,    1,    1","  256,    1,    1"
150,18.72,trace_rays_topk_kernel,trace_rays_topk_kernel..,0.63,0.12,23.27,73.01,86,"  522,    1,    1","  256,    1,    1"
151,16.82,trace_rays_topk_kernel,trace_rays_topk_kernel..,0.58,0.10,23.97,74.75,86,"  490,    1,    1","  256,    1,    1"
152,99.22,trace_rays_topk_kernel,trace_rays_topk_kernel..,0.02,0.02,0.02,0.21,86,"    1,    1,    1","    1,    1,    1"
153,99.22,trace_rays_topk_kernel,trace_rays_topk_kernel..,0.00,0.00,0.01,1.31,86,"    1,    1,    1","    1,    1,    1"
154,19.36,trace_rays_topk_kernel,trace_rays_topk_kernel..,0.60,0.12,23.89,75.92,86,"  519,    1,    1","  256,    1,    1"
155,16.57,trace_rays_topk_kernel,trace_rays_topk_kernel..,0.58,0.10,24.21,75.14,86,"  493,    1,    1","  256,    1,    1"
156,16.33,trace_rays_topk_kernel,trace_rays_topk_kernel..,0.61,0.10,24.14,75.98,86,"  522,    1,    1","  256,    1,    1"
157,16.16,trace_rays_topk_kernel,trace_rays_topk_kernel..,0.57,0.09,23.56,75.93,86,"  490,    1,    1","  256,    1,    1"
158,16.80,trace_rays_topk_kernel,trace_rays_topk_kernel..,0.62,0.10,24.53,73.56,86,"  520,    1,    1","  256,    1,    1"
159,16.83,trace_rays_topk_kernel,trace_rays_topk_kernel..,1.80,0.30,24.24,65.12,86,"  493,    1,    1","  256,    1,    1"
160,19.42,trace_rays_topk_kernel,trace_rays_topk_kernel..,0.65,0.13,23.08,71.35,86,"  521,    1,    1","  256,    1,    1"
161,19.67,trace_rays_topk_kernel,trace_rays_topk_kernel..,0.58,0.11,23.66,75.45,86,"  491,    1,    1","  256,    1,    1"
162,17.02,trace_rays_topk_kernel,trace_rays_topk_kernel..,0.62,0.10,23.68,74.67,86,"  519,    1,    1","  256,    1,    1"
163,15.67,trace_rays_topk_kernel,trace_rays_topk_kernel..,0.58,0.09,23.84,75.97,86,"  493,    1,    1","  256,    1,    1"
164,99.22,trace_rays_topk_kernel,trace_rays_topk_kernel..,0.02,0.02,0.02,0.21,86,"    1,    1,    1","    1,    1,    1"
165,99.22,trace_rays_topk_kernel,trace_rays_topk_kernel..,0.02,0.02,0.02,0.23,86,"    1,    1,    1","    1,    1,    1"
166,17.05,trace_rays_topk_kernel,trace_rays_topk_kernel..,0.64,0.11,23.06,72.37,86,"  520,    1,    1","  256,    1,    1"
167,18.54,trace_rays_topk_kernel,trace_rays_topk_kernel..,0.59,0.11,23.75,74.21,86,"  492,    1,    1","  256,    1,    1"
168,15.53,trace_rays_topk_kernel,trace_rays_topk_kernel..,0.63,0.10,23.23,73.62,86,"  520,    1,    1","  256,    1,    1"
169,19.48,trace_rays_topk_kernel,trace_rays_topk_kernel..,0.61,0.12,23.41,71.31,86,"  491,    1,    1","  256,    1,    1"
170,14.17,trace_rays_topk_kernel,trace_rays_topk_kernel..,0.61,0.09,21.47,75.98,86,"  520,    1,    1","  256,    1,    1"
171,17.16,trace_rays_topk_kernel,trace_rays_topk_kernel..,0.59,0.10,23.20,75.26,86,"  493,    1,    1","  256,    1,    1"
172,17.10,trace_rays_topk_kernel,trace_rays_topk_kernel..,0.63,0.11,23.79,76.77,86,"  517,    1,    1","  256,    1,    1"
173,16.92,trace_rays_topk_kernel,trace_rays_topk_kernel..,0.97,0.16,23.78,69.33,86,"  492,    1,    1","  256,    1,    1"
174,17.14,trace_rays_topk_kernel,trace_rays_topk_kernel..,0.65,0.11,23.51,71.30,86,"  520,    1,    1","  256,    1,    1"
175,16.04,trace_rays_topk_kernel,trace_rays_topk_kernel..,0.58,0.09,24.18,75.87,86,"  492,    1,    1","  256,    1,    1"
176,15.07,trace_rays_topk_kernel,trace_rays_topk_kernel..,0.62,0.09,23.69,75.48,86,"  520,    1,    1","  256,    1,    1"
177,18.13,trace_rays_topk_kernel,trace_rays_topk_kernel..,0.61,0.11,22.91,72.62,86,"  492,    1,    1","  256,    1,    1"
178,16.50,trace_rays_topk_kernel,trace_rays_topk_kernel..,0.61,0.10,24.20,76.43,86,"  518,    1,    1","  256,    1,    1"
179,17.18,trace_rays_topk_kernel,trace_rays_topk_kernel..,0.59,0.10,23.39,81.03,86,"  493,    1,    1","  256,    1,    1"
180,17.56,trace_rays_topk_kernel,trace_rays_topk_kernel..,0.63,0.11,22.69,72.97,86,"  518,    1,    1","  256,    1,    1"
181,18.22,trace_rays_topk_kernel,trace_rays_topk_kernel..,0.57,0.10,23.42,77.70,86,"  494,    1,    1","  256,    1,    1"
182,17.57,trace_rays_topk_kernel,trace_rays_topk_kernel..,0.63,0.11,22.92,74.28,86,"  519,    1,    1","  256,    1,    1"
183,16.84,trace_rays_topk_kernel,trace_rays_topk_kernel..,0.60,0.10,23.34,75.36,86,"  495,    1,    1","  256,    1,    1"
184,16.20,trace_rays_topk_kernel,trace_rays_topk_kernel..,0.62,0.10,23.50,75.75,86,"  517,    1,    1","  256,    1,    1"
185,16.66,trace_rays_topk_kernel,trace_rays_topk_kernel..,0.58,0.10,23.94,76.88,86,"  491,    1,    1","  256,    1,    1"
186,16.56,trace_rays_topk_kernel,trace_rays_topk_kernel..,0.62,0.10,24.11,76.09,86,"  520,    1,    1","  256,    1,    1"
187,16.79,trace_rays_topk_kernel,trace_rays_topk_kernel..,0.59,0.10,23.38,75.94,86,"  492,    1,    1","  256,    1,    1"
188,16.29,trace_rays_topk_kernel,trace_rays_topk_kernel..,0.63,0.10,23.57,75.31,86,"  519,    1,    1","  256,    1,    1"
189,15.48,trace_rays_topk_kernel,trace_rays_topk_kernel..,0.59,0.09,23.20,76.00,86,"  493,    1,    1","  256,    1,    1"
190,16.08,trace_rays_topk_kernel,trace_rays_topk_kernel..,0.64,0.10,23.13,73.74,86,"  517,    1,    1","  256,    1,    1"
191,18.42,trace_rays_topk_kernel,trace_rays_topk_kernel..,0.60,0.11,23.47,75.05,86,"  492,    1,    1","  256,    1,    1"
192,15.36,trace_rays_topk_kernel,trace_rays_topk_kernel..,1.02,0.16,22.89,69.00,86,"  519,    1,    1","  256,    1,    1"
193,18.09,trace_rays_topk_kernel,trace_rays_topk_kernel..,0.59,0.11,24.04,75.95,86,"  494,    1,    1","  256,    1,    1"
194,16.74,trace_rays_topk_kernel,trace_rays_topk_kernel..,0.63,0.10,23.35,75.44,86,"  518,    1,    1","  256,    1,    1"
195,16.95,trace_rays_topk_kernel,trace_rays_topk_kernel..,0.60,0.10,23.64,75.40,86,"  493,    1,    1","  256,    1,    1"
196,18.55,trace_rays_topk_kernel,trace_rays_topk_kernel..,0.63,0.12,23.30,74.53,86,"  518,    1,    1","  256,    1,    1"
197,17.00,trace_rays_topk_kernel,trace_rays_topk_kernel..,0.60,0.10,23.64,81.01,86,"  495,    1,    1","  256,    1,    1"
198,15.68,trace_rays_topk_kernel,trace_rays_topk_kernel..,0.64,0.10,22.92,74.44,86,"  518,    1,    1","  256,    1,    1"
199,18.83,trace_rays_topk_kernel,trace_rays_topk_kernel..,0.62,0.12,23.64,72.59,86,"  494,    1,    1","  256,    1,    1"
200,15.99,trace_rays_topk_kernel,trace_rays_topk_kernel..,0.63,0.10,23.59,75.25,86,"  516,    1,    1","  256,    1,    1"
201,18.94,trace_rays_topk_kernel,trace_rays_topk_kernel..,0.63,0.12,22.93,72.87,86,"  495,    1,    1","  256,    1,    1"
202,16.75,trace_rays_topk_kernel,trace_rays_topk_kernel..,0.65,0.11,23.55,72.77,86,"  518,    1,    1","  256,    1,    1"
203,17.33,trace_rays_topk_kernel,trace_rays_topk_kernel..,0.60,0.10,22.91,75.91,86,"  494,    1,    1","  256,    1,    1"
204,16.66,trace_rays_topk_kernel,trace_rays_topk_kernel..,0.63,0.10,23.95,75.81,86,"  516,    1,    1","  256,    1,    1"
205,16.44,trace_rays_topk_kernel,trace_rays_topk_kernel..,0.60,0.10,23.71,75.60,86,"  494,    1,    1","  256,    1,    1"
206,16.25,trace_rays_topk_kernel,trace_rays_topk_kernel..,0.63,0.10,23.07,75.66,86,"  518,    1,    1","  256,    1,    1"
207,15.33,trace_rays_topk_kernel,trace_rays_topk_kernel..,0.60,0.09,21.12,76.54,86,"  495,    1,    1","  256,    1,    1"
208,16.09,trace_rays_topk_kernel,trace_rays_topk_kernel..,2.07,0.33,23.70,62.77,86,"  518,    1,    1","  256,    1,    1"
209,15.99,trace_rays_topk_kernel,trace_rays_topk_kernel..,0.60,0.10,23.77,76.30,86,"  492,    1,    1","  256,    1,    1"
210,17.51,trace_rays_topk_kernel,trace_rays_topk_kernel..,0.65,0.11,22.39,73.89,86,"  517,    1,    1","  256,    1,    1"
211,17.73,trace_rays_topk_kernel,trace_rays_topk_kernel..,0.63,0.11,23.91,73.13,86,"  494,    1,    1","  256,    1,    1"
212,16.56,trace_rays_topk_kernel,trace_rays_topk_kernel..,0.64,0.11,23.95,75.28,86,"  518,    1,    1","  256,    1,    1"
213,18.22,trace_rays_topk_kernel,trace_rays_topk_kernel..,0.63,0.11,22.68,73.20,86,"  494,    1,    1","  256,    1,    1"
214,17.71,trace_rays_topk_kernel,trace_rays_topk_kernel..,0.63,0.11,23.21,76.69,86,"  518,    1,    1","  256,    1,    1"
215,16.22,trace_rays_topk_kernel,trace_rays_topk_kernel..,0.59,0.10,23.25,77.87,86,"  495,    1,    1","  256,    1,    1"
216,15.19,trace_rays_topk_kernel,trace_rays_topk_kernel..,0.63,0.10,23.59,76.35,86,"  517,    1,    1","  256,    1,    1"
217,15.64,trace_rays_topk_kernel,trace_rays_topk_kernel..,0.60,0.09,23.40,77.02,86,"  494,    1,    1","  256,    1,    1"
218,16.83,trace_rays_topk_kernel,trace_rays_topk_kernel..,0.65,0.11,23.14,74.44,86,"  519,    1,    1","  256,    1,    1"
219,17.69,trace_rays_topk_kernel,trace_rays_topk_kernel..,0.61,0.11,23.01,75.95,86,"  495,    1,    1","  256,    1,    1"
220,14.86,trace_rays_topk_kernel,trace_rays_topk_kernel..,0.65,0.10,23.38,74.11,86,"  516,    1,    1","  256,    1,    1"
221,15.99,trace_rays_topk_kernel,trace_rays_topk_kernel..,0.62,0.10,23.82,74.81,86,"  494,    1,    1","  256,    1,    1"
222,16.76,trace_rays_topk_kernel,trace_rays_topk_kernel..,0.64,0.11,23.49,75.84,86,"  521,    1,    1","  256,    1,    1"
223,16.33,trace_rays_topk_kernel,trace_rays_topk_kernel..,0.60,0.10,23.51,76.14,86,"  492,    1,    1","  256,    1,    1"
224,15.42,trace_rays_topk_kernel,trace_rays_topk_kernel..,0.63,0.10,23.73,77.28,86,"  519,    1,    1","  256,    1,    1"
225,17.52,trace_rays_topk_kernel,trace_rays_topk_kernel..,0.61,0.11,23.21,76.28,86,"  494,    1,    1","  256,    1,    1"
226,17.99,trace_rays_topk_kernel,trace_rays_topk_kernel..,0.65,0.12,23.13,74.72,86,"  518,    1,    1","  256,    1,    1"
227,16.24,trace_rays_topk_kernel,trace_rays_topk_kernel..,0.59,0.10,23.90,77.98,86,"  494,    1,    1","  256,    1,    1"
228,16.95,trace_rays_topk_kernel,trace_rays_topk_kernel..,0.65,0.11,23.83,74.10,86,"  517,    1,    1","  256,    1,    1"
229,17.98,trace_rays_topk_kernel,trace_rays_topk_kernel..,0.62,0.11,23.46,75.34,86,"  495,    1,    1","  256,    1,    1"
230,15.43,trace_rays_topk_kernel,trace_rays_topk_kernel..,0.64,0.10,23.55,76.16,86,"  517,    1,    1","  256,    1,    1"
231,14.95,trace_rays_topk_kernel,trace_rays_topk_kernel..,0.60,0.09,23.13,77.13,86,"  494,    1,    1","  256,    1,    1"
232,15.49,trace_rays_topk_kernel,trace_rays_topk_kernel..,0.65,0.10,19.23,74.57,86,"  518,    1,    1","  256,    1,    1"
233,19.35,trace_rays_topk_kernel,trace_rays_topk_kernel..,0.61,0.12,23.38,75.83,86,"  495,    1,    1","  256,    1,    1"
234,16.22,trace_rays_topk_kernel,trace_rays_topk_kernel..,0.64,0.10,23.42,75.84,86,"  516,    1,    1","  256,    1,    1"
235,16.65,trace_rays_topk_kernel,trace_rays_topk_kernel..,0.60,0.10,23.50,77.56,86,"  496,    1,    1","  256,    1,    1"
236,15.56,trace_rays_topk_kernel,trace_rays_topk_kernel..,0.65,0.10,23.00,75.02,86,"  517,    1,    1","  256,    1,    1"
237,16.70,trace_rays_topk_kernel,trace_rays_topk_kernel..,0.61,0.10,23.34,77.05,86,"  493,    1,    1","  256,    1,    1"
238,17.80,trace_rays_topk_kernel,trace_rays_topk_kernel..,0.65,0.11,23.38,75.55,86,"  518,    1,    1","  256,    1,    1"
239,18.29,trace_rays_topk_kernel,trace_rays_topk_kernel..,0.63,0.12,22.89,74.31,86,"  496,    1,    1","  256,    1,    1"
240,16.86,trace_rays_topk_kernel,trace_rays_topk_kernel..,0.66,0.11,23.00,74.07,86,"  516,    1,    1","  256,    1,    1"
241,15.63,trace_rays_topk_kernel,trace_rays_topk_kernel..,0.64,0.10,21.48,74.06,86,"  496,    1,    1","  256,    1,    1"
242,17.39,trace_rays_topk_kernel,trace_rays_topk_kernel..,0.65,0.11,22.90,74.44,86,"  517,    1,    1","  256,    1,    1"
243,15.74,trace_rays_topk_kernel,trace_rays_topk_kernel..,0.62,0.10,23.55,75.93,86,"  495,    1,    1","  256,    1,    1"
244,15.48,trace_rays_topk_kernel,trace_rays_topk_kernel..,0.63,0.10,23.44,76.79,86,"  516,    1,    1","  256,    1,    1"
245,16.68,trace_rays_topk_kernel,trace_rays_topk_kernel..,0.60,0.10,23.36,77.83,86,"  496,    1,    1","  256,    1,    1"
246,15.80,trace_rays_topk_kernel,trace_rays_topk_kernel..,0.65,0.10,23.43,76.08,86,"  517,    1,    1","  256,    1,    1"
247,15.18,trace_rays_topk_kernel,trace_rays_topk_kernel..,0.62,0.09,23.45,76.19,86,"  495,    1,    1","  256,    1,    1"
248,15.39,trace_rays_topk_kernel,trace_rays_topk_kernel..,0.63,0.10,23.37,77.60,86,"  515,    1,    1","  256,    1,    1"
249,16.29,trace_rays_topk_kernel,trace_rays_topk_kernel..,0.62,0.10,23.22,76.05,86,"  497,    1,    1","  256,    1,    1"
250,16.03,trace_rays_topk_kernel,trace_rays_topk_kernel..,0.65,0.10,19.44,75.90,86,"  517,    1,    1","  256,    1,    1"
251,17.02,trace_rays_topk_kernel,trace_rays_topk_kernel..,0.62,0.11,22.85,75.56,86,"  496,    1,    1","  256,    1,    1"
252,15.67,trace_rays_topk_kernel,trace_rays_topk_kernel..,0.67,0.10,22.71,73.83,86,"  515,    1,    1","  256,    1,    1"
253,17.09,trace_rays_topk_kernel,trace_rays_topk_kernel..,0.63,0.11,22.81,75.42,86,"  498,    1,    1","  256,    1,    1"
254,16.86,trace_rays_topk_kernel,trace_rays_topk_kernel..,0.65,0.11,23.50,75.77,86,"  514,    1,    1","  256,    1,    1"
255,16.68,trace_rays_topk_kernel,trace_rays_topk_kernel..,0.62,0.10,23.55,75.75,86,"  496,    1,    1","  256,    1,    1"
256,15.19,trace_rays_topk_kernel,trace_rays_topk_kernel..,0.65,0.10,22.96,75.70,86,"  516,    1,    1","  256,    1,    1"
257,17.04,trace_rays_topk_kernel,trace_rays_topk_kernel..,0.64,0.11,23.21,74.97,86,"  497,    1,    1","  256,    1,    1"
258,15.54,trace_rays_topk_kernel,trace_rays_topk_kernel..,1.23,0.19,23.28,69.46,86,"  516,    1,    1","  256,    1,    1"
259,16.31,trace_rays_topk_kernel,trace_rays_topk_kernel..,0.64,0.10,22.20,73.83,86,"  496,    1,    1","  256,    1,    1"
260,14.25,trace_rays_topk_kernel,trace_rays_topk_kernel..,0.64,0.09,23.35,77.54,86,"  516,    1,    1","  256,    1,    1"
261,16.52,trace_rays_topk_kernel,trace_rays_topk_kernel..,0.63,0.10,22.87,75.56,86,"  497,    1,    1","  256,    1,    1"
262,15.89,trace_rays_topk_kernel,trace_rays_topk_kernel..,0.65,0.10,23.04,76.56,86,"  515,    1,    1","  256,    1,    1"
263,16.34,trace_rays_topk_kernel,trace_rays_topk_kernel..,0.63,0.10,22.87,75.46,86,"  497,    1,    1","  256,    1,    1"
264,16.29,trace_rays_topk_kernel,trace_rays_topk_kernel..,0.65,0.11,23.40,76.43,86,"  517,    1,    1","  256,    1,    1"
265,19.22,trace_rays_topk_kernel,trace_rays_topk_kernel..,0.64,0.12,23.12,74.37,86,"  497,    1,    1","  256,    1,    1"
266,14.12,trace_rays_topk_kernel,trace_rays_topk_kernel..,0.63,0.09,21.25,77.49,86,"  514,    1,    1","  256,    1,    1"
267,15.37,trace_rays_topk_kernel,trace_rays_topk_kernel..,0.63,0.10,23.06,76.03,86,"  498,    1,    1","  256,    1,    1"
268,16.00,trace_rays_topk_kernel,trace_rays_topk_kernel..,0.65,0.10,23.57,75.94,86,"  515,    1,    1","  256,    1,    1"
269,16.42,trace_rays_topk_kernel,trace_rays_topk_kernel..,0.63,0.10,23.42,76.93,86,"  498,    1,    1","  256,    1,    1"
270,14.25,trace_rays_topk_kernel,trace_rays_topk_kernel..,0.64,0.09,23.41,77.26,86,"  514,    1,    1","  256,    1,    1"
271,17.06,trace_rays_topk_kernel,trace_rays_topk_kernel..,0.64,0.11,22.08,74.74,86,"  496,    1,    1","  256,    1,    1"
272,17.15,trace_rays_topk_kernel,trace_rays_topk_kernel..,0.66,0.11,22.57,76.22,86,"  516,    1,    1","  256,    1,    1"
273,99.22,trace_rays_topk_kernel,trace_rays_topk_kernel..,0.03,0.03,0.02,0.11,86,"    1,    1,    1","    1,    1,    1"
274,99.22,trace_rays_topk_kernel,trace_rays_topk_kernel..,0.08,0.08,0.02,0.07,86,"    1,    1,    1","    1,    1,    1"
275,16.06,trace_rays_topk_kernel,trace_rays_topk_kernel..,0.62,0.10,23.39,77.58,86,"  497,    1,    1","  256,    1,    1"
276,15.60,trace_rays_topk_kernel,trace_rays_topk_kernel..,0.65,0.10,23.63,76.56,86,"  514,    1,    1","  256,    1,    1"
277,18.31,trace_rays_topk_kernel,trace_rays_topk_kernel..,0.63,0.12,23.60,76.28,86,"  497,    1,    1","  256,    1,    1"
278,14.68,trace_rays_topk_kernel,trace_rays_topk_kernel..,0.64,0.09,23.60,77.88,86,"  515,    1,    1","  256,    1,    1"
279,16.55,trace_rays_topk_kernel,trace_rays_topk_kernel..,0.63,0.10,22.99,76.95,86,"  497,    1,    1","  256,    1,    1"
280,16.99,trace_rays_topk_kernel,trace_rays_topk_kernel..,0.65,0.11,23.14,76.61,86,"  515,    1,    1","  256,    1,    1"
281,16.45,trace_rays_topk_kernel,trace_rays_topk_kernel..,2.05,0.34,23.18,65.23,86,"  497,    1,    1","  256,    1,    1"
282,16.55,trace_rays_topk_kernel,trace_rays_topk_kernel..,0.66,0.11,23.41,76.54,86,"  515,    1,    1","  256,    1,    1"
283,16.57,trace_rays_topk_kernel,trace_rays_topk_kernel..,0.64,0.11,22.93,76.04,86,"  498,    1,    1","  256,    1,    1"
284,14.94,trace_rays_topk_kernel,trace_rays_topk_kernel..,0.65,0.10,23.11,76.96,86,"  514,    1,    1","  256,    1,    1"
285,14.77,trace_rays_topk_kernel,trace_rays_topk_kernel..,0.63,0.09,23.51,77.50,86,"  496,    1,    1","  256,    1,    1"
286,16.08,trace_rays_topk_kernel,trace_rays_topk_kernel..,0.68,0.11,22.76,74.42,86,"  516,    1,    1","  256,    1,    1"
287,15.30,trace_rays_topk_kernel,trace_rays_topk_kernel..,0.64,0.10,22.83,76.20,86,"  498,    1,    1","  256,    1,    1"
288,15.61,trace_rays_topk_kernel,trace_rays_topk_kernel..,0.65,0.10,23.56,78.19,86,"  514,    1,    1","  256,    1,    1"
289,15.98,trace_rays_topk_kernel,trace_rays_topk_kernel..,0.64,0.10,23.27,76.35,86,"  497,    1,    1","  256,    1,    1"
290,16.08,trace_rays_topk_kernel,trace_rays_topk_kernel..,0.67,0.11,23.05,76.30,86,"  516,    1,    1","  256,    1,    1"
291,16.45,trace_rays_topk_kernel,trace_rays_topk_kernel..,0.63,0.10,23.24,78.28,86,"  498,    1,    1","  256,    1,    1"
292,14.49,trace_rays_topk_kernel,trace_rays_topk_kernel..,0.64,0.09,23.66,78.63,86,"  515,    1,    1","  256,    1,    1"
293,16.63,trace_rays_topk_kernel,trace_rays_topk_kernel..,0.65,0.11,22.88,75.79,86,"  498,    1,    1","  256,    1,    1"
294,16.20,trace_rays_topk_kernel,trace_rays_topk_kernel..,0.65,0.11,23.54,78.18,86,"  514,    1,    1","  256,    1,    1"
295,15.91,trace_rays_topk_kernel,trace_rays_topk_kernel..,0.63,0.10,23.32,77.30,86,"  498,    1,    1","  256,    1,    1"
296,15.76,trace_rays_topk_kernel,trace_rays_topk_kernel..,0.66,0.10,22.75,76.87,86,"  516,    1,    1","  256,    1,    1"
297,16.41,trace_rays_topk_kernel,trace_rays_topk_kernel..,0.62,0.10,23.75,78.91,86,"  495,    1,    1","  256,    1,    1"
298,16.22,trace_rays_topk_kernel,trace_rays_topk_kernel..,1.33,0.22,22.65,68.60,86,"  515,    1,    1","  256,    1,    1"
299,16.30,trace_rays_topk_kernel,trace_rays_topk_kernel..,0.63,0.10,23.51,78.07,86,"  497,    1,    1","  256,    1,    1"
300,16.84,trace_rays_topk_kernel,trace_rays_topk_kernel..,0.67,0.11,23.40,76.20,86,"  514,    1,    1","  256,    1,    1"
301,15.22,trace_rays_topk_kernel,trace_rays_topk_kernel..,0.63,0.10,23.34,77.63,86,"  497,    1,    1","  256,    1,    1"
302,15.48,trace_rays_topk_kernel,trace_rays_topk_kernel..,0.66,0.10,22.46,77.73,86,"  516,    1,    1","  256,    1,    1"
303,16.49,trace_rays_topk_kernel,trace_rays_topk_kernel..,0.63,0.10,23.37,77.69,86,"  497,    1,    1","  256,    1,    1"
304,14.64,trace_rays_topk_kernel,trace_rays_topk_kernel..,0.66,0.10,23.15,77.08,86,"  513,    1,    1","  256,    1,    1"
305,15.92,trace_rays_topk_kernel,trace_rays_topk_kernel..,0.64,0.10,22.55,77.10,86,"  500,    1,    1","  256,    1,    1"
306,15.86,trace_rays_topk_kernel,trace_rays_topk_kernel..,0.66,0.10,23.56,77.16,86,"  514,    1,    1","  256,    1,    1"
307,17.05,trace_rays_topk_kernel,trace_rays_topk_kernel..,0.64,0.11,23.08,76.66,86,"  497,    1,    1","  256,    1,    1"
308,16.10,trace_rays_topk_kernel,trace_rays_topk_kernel..,0.66,0.11,23.77,77.50,86,"  514,    1,    1","  256,    1,    1"
309,14.63,trace_rays_topk_kernel,trace_rays_topk_kernel..,0.63,0.09,23.79,78.35,86,"  498,    1,    1","  256,    1,    1"
310,16.06,trace_rays_topk_kernel,trace_rays_topk_kernel..,0.66,0.11,23.44,77.99,86,"  514,    1,    1","  256,    1,    1"
311,15.93,trace_rays_topk_kernel,trace_rays_topk_kernel..,0.64,0.10,23.24,78.12,86,"  499,    1,    1","  256,    1,    1"
312,15.86,trace_rays_topk_kernel,trace_rays_topk_kernel..,0.68,0.11,22.86,75.85,86,"  516,    1,    1","  256,    1,    1"
313,13.57,trace_rays_topk_kernel,trace_rays_topk_kernel..,0.63,0.09,21.54,78.38,86,"  498,    1,    1","  256,    1,    1"
314,16.04,trace_rays_topk_kernel,trace_rays_topk_kernel..,0.67,0.11,22.96,76.39,86,"  514,    1,    1","  256,    1,    1"
315,14.55,trace_rays_topk_kernel,trace_rays_topk_kernel..,0.63,0.09,23.32,78.96,86,"  498,    1,    1","  256,    1,    1"
316,14.03,trace_rays_topk_kernel,trace_rays_topk_kernel..,0.67,0.09,23.25,77.02,86,"  514,    1,    1","  256,    1,    1"
317,15.56,trace_rays_topk_kernel,trace_rays_topk_kernel..,0.64,0.10,23.45,78.33,86,"  498,    1,    1","  256,    1,    1"
318,15.50,trace_rays_topk_kernel,trace_rays_topk_kernel..,0.67,0.10,23.00,76.89,86,"  515,    1,    1","  256,    1,    1"
319,13.85,trace_rays_topk_kernel,trace_rays_topk_kernel..,0.63,0.09,23.54,79.15,86,"  497,    1,    1","  256,    1,    1"
320,15.23,trace_rays_topk_kernel,trace_rays_topk_kernel..,0.67,0.10,22.92,77.42,86,"  514,    1,    1","  256,    1,    1"
321,14.86,trace_rays_topk_kernel,trace_rays_topk_kernel..,0.64,0.10,23.33,84.31,86,"  498,    1,    1","  256,    1,    1"
322,15.47,trace_rays_topk_kernel,trace_rays_topk_kernel..,0.67,0.10,22.06,77.46,86,"  516,    1,    1","  256,    1,    1"
323,15.75,trace_rays_topk_kernel,trace_rays_topk_kernel..,0.65,0.10,23.46,76.47,86,"  496,    1,    1","  256,    1,    1"
324,14.30,trace_rays_topk_kernel,trace_rays_topk_kernel..,0.67,0.10,23.58,77.11,86,"  514,    1,    1","  256,    1,    1"
325,17.30,trace_rays_topk_kernel,trace_rays_topk_kernel..,0.64,0.11,23.48,77.82,86,"  497,    1,    1","  256,    1,    1"
326,15.34,trace_rays_topk_kernel,trace_rays_topk_kernel..,0.67,0.10,22.90,77.94,86,"  514,    1,    1","  256,    1,    1"
327,15.71,trace_rays_topk_kernel,trace_rays_topk_kernel..,0.63,0.10,23.27,78.60,86,"  497,    1,    1","  256,    1,    1"
328,14.76,trace_rays_topk_kernel,trace_rays_topk_kernel..,0.68,0.10,22.95,77.36,86,"  516,    1,    1","  256,    1,    1"
329,16.93,trace_rays_topk_kernel,trace_rays_topk_kernel..,0.65,0.11,22.36,76.67,86,"  496,    1,    1","  256,    1,    1"
330,15.37,trace_rays_topk_kernel,trace_rays_topk_kernel..,0.66,0.10,23.10,78.84,86,"  514,    1,    1","  256,    1,    1"
331,15.50,trace_rays_topk_kernel,trace_rays_topk_kernel..,0.64,0.10,23.37,78.06,86,"  497,    1,    1","  256,    1,    1"
332,17.38,trace_rays_topk_kernel,trace_rays_topk_kernel..,0.69,0.12,22.46,76.82,86,"  517,    1,    1","  256,    1,    1"
333,16.45,trace_rays_topk_kernel,trace_rays_topk_kernel..,0.66,0.11,23.35,76.36,86,"  497,    1,    1","  256,    1,    1"
334,16.22,trace_rays_topk_kernel,trace_rays_topk_kernel..,0.68,0.11,22.53,76.82,86,"  515,    1,    1","  256,    1,    1"
335,15.53,trace_rays_topk_kernel,trace_rays_topk_kernel..,0.66,0.10,23.24,76.09,86,"  497,    1,    1","  256,    1,    1"
336,15.04,trace_rays_topk_kernel,trace_rays_topk_kernel..,0.68,0.10,22.84,77.06,86,"  515,    1,    1","  256,    1,    1"
337,14.90,trace_rays_topk_kernel,trace_rays_topk_kernel..,0.64,0.10,23.79,78.28,86,"  498,    1,    1","  256,    1,    1"
338,14.82,trace_rays_topk_kernel,trace_rays_topk_kernel..,0.68,0.10,23.09,77.22,86,"  513,    1,    1","  256,    1,    1"
339,15.32,trace_rays_topk_kernel,trace_rays_topk_kernel..,0.64,0.10,22.58,78.64,86,"  498,    1,    1","  256,    1,    1"
340,15.09,trace_rays_topk_kernel,trace_rays_topk_kernel..,0.68,0.10,22.89,77.21,86,"  514,    1,    1","  256,    1,    1"
341,15.10,trace_rays_topk_kernel,trace_rays_topk_kernel..,0.64,0.10,23.69,78.82,86,"  499,    1,    1","  256,    1,    1"
342,14.40,trace_rays_topk_kernel,trace_rays_topk_kernel..,0.66,0.10,23.15,78.94,86,"  514,    1,    1","  256,    1,    1"
343,15.80,trace_rays_topk_kernel,trace_rays_topk_kernel..,0.64,0.10,23.24,77.95,86,"  495,    1,    1","  256,    1,    1"
344,14.94,trace_rays_topk_kernel,trace_rays_topk_kernel..,0.68,0.10,23.14,77.14,86,"  514,    1,    1","  256,    1,    1"
345,15.14,trace_rays_topk_kernel,trace_rays_topk_kernel..,0.65,0.10,23.33,78.35,86,"  499,    1,    1","  256,    1,    1"
346,15.79,trace_rays_topk_kernel,trace_rays_topk_kernel..,0.69,0.11,23.04,76.52,86,"  514,    1,    1","  256,    1,    1"
347,15.36,trace_rays_topk_kernel,trace_rays_topk_kernel..,0.66,0.10,23.56,77.09,86,"  499,    1,    1","  256,    1,    1"
348,17.53,trace_rays_topk_kernel,trace_rays_topk_kernel..,0.69,0.12,22.88,76.72,86,"  517,    1,    1","  256,    1,    1"
349,14.78,trace_rays_topk_kernel,trace_rays_topk_kernel..,0.64,0.10,23.36,78.21,86,"  497,    1,    1","  256,    1,    1"
350,15.58,trace_rays_topk_kernel,trace_rays_topk_kernel..,0.68,0.11,23.32,77.00,86,"  513,    1,    1","  256,    1,    1"
351,15.98,trace_rays_topk_kernel,trace_rays_topk_kernel..,0.65,0.10,22.93,77.99,86,"  498,    1,    1","  256,    1,    1"
352,16.12,trace_rays_topk_kernel,trace_rays_topk_kernel..,0.71,0.11,22.81,74.80,86,"  516,    1,    1","  256,    1,    1"
353,15.16,trace_rays_topk_kernel,trace_rays_topk_kernel..,0.65,0.10,23.46,77.88,86,"  497,    1,    1","  256,    1,    1"
354,17.42,trace_rays_topk_kernel,trace_rays_topk_kernel..,0.69,0.12,22.52,76.37,86,"  512,    1,    1","  256,    1,    1"
355,15.18,trace_rays_topk_kernel,trace_rays_topk_kernel..,0.64,0.10,23.23,79.38,86,"  499,    1,    1","  256,    1,    1"
356,14.00,trace_rays_topk_kernel,trace_rays_topk_kernel..,0.69,0.10,22.50,76.15,86,"  514,    1,    1","  256,    1,    1"
357,15.13,trace_rays_topk_kernel,trace_rays_topk_kernel..,0.65,0.10,23.12,78.94,86,"  499,    1,    1","  256,    1,    1"
358,15.22,trace_rays_topk_kernel,trace_rays_topk_kernel..,0.68,0.10,22.90,77.50,86,"  514,    1,    1","  256,    1,    1"
359,15.38,trace_rays_topk_kernel,trace_rays_topk_kernel..,0.68,0.11,22.30,74.78,86,"  498,    1,    1","  256,    1,    1"
360,18.84,trace_rays_topk_kernel,trace_rays_topk_kernel..,0.72,0.13,21.65,73.78,86,"  515,    1,    1","  256,    1,    1"
361,16.19,trace_rays_topk_kernel,trace_rays_topk_kernel..,0.66,0.11,23.16,77.67,86,"  499,    1,    1","  256,    1,    1"
362,15.59,trace_rays_topk_kernel,trace_rays_topk_kernel..,0.69,0.11,22.92,77.06,86,"  513,    1,    1","  256,    1,    1"
363,14.87,trace_rays_topk_kernel,trace_rays_topk_kernel..,0.64,0.10,23.31,79.34,86,"  497,    1,    1","  256,    1,    1"
364,16.84,trace_rays_topk_kernel,trace_rays_topk_kernel..,0.68,0.12,23.00,77.29,86,"  513,    1,    1","  256,    1,    1"
365,15.90,trace_rays_topk_kernel,trace_rays_topk_kernel..,0.66,0.10,23.37,78.00,86,"  499,    1,    1","  256,    1,    1"
366,14.99,trace_rays_topk_kernel,trace_rays_topk_kernel..,0.67,0.10,23.01,78.56,86,"  513,    1,    1","  256,    1,    1"
367,15.29,trace_rays_topk_kernel,trace_rays_topk_kernel..,0.65,0.10,23.04,79.10,86,"  499,    1,    1","  256,    1,    1"
368,15.17,trace_rays_topk_kernel,trace_rays_topk_kernel..,0.67,0.10,23.23,78.07,86,"  513,    1,    1","  256,    1,    1"
369,16.10,trace_rays_topk_kernel,trace_rays_topk_kernel..,0.67,0.11,23.36,77.13,86,"  499,    1,    1","  256,    1,    1"
370,15.47,trace_rays_topk_kernel,trace_rays_topk_kernel..,0.69,0.11,22.94,76.90,86,"  513,    1,    1","  256,    1,    1"
371,14.83,trace_rays_topk_kernel,trace_rays_topk_kernel..,0.65,0.10,23.56,78.78,86,"  499,    1,    1","  256,    1,    1"
372,15.49,trace_rays_topk_kernel,trace_rays_topk_kernel..,0.67,0.10,23.22,78.50,86,"  514,    1,    1","  256,    1,    1"
373,15.22,trace_rays_topk_kernel,trace_rays_topk_kernel..,2.08,0.32,23.62,66.00,86,"  500,    1,    1","  256,    1,    1"
374,14.36,trace_rays_topk_kernel,trace_rays_topk_kernel..,0.68,0.10,23.49,77.89,86,"  512,    1,    1","  256,    1,    1"
375,14.44,trace_rays_topk_kernel,trace_rays_topk_kernel..,0.65,0.09,23.26,78.81,86,"  499,    1,    1","  256,    1,    1"
376,15.31,trace_rays_topk_kernel,trace_rays_topk_kernel..,0.68,0.10,22.60,77.31,86,"  511,    1,    1","  256,    1,    1"
377,17.01,trace_rays_topk_kernel,trace_rays_topk_kernel..,0.66,0.11,23.19,77.30,86,"  500,    1,    1","  256,    1,    1"
378,15.28,trace_rays_topk_kernel,trace_rays_topk_kernel..,0.69,0.11,22.48,76.56,86,"  514,    1,    1","  256,    1,    1"
379,16.24,trace_rays_topk_kernel,trace_rays_topk_kernel..,0.67,0.11,23.10,77.07,86,"  499,    1,    1","  256,    1,    1"
380,14.81,trace_rays_topk_kernel,trace_rays_topk_kernel..,0.68,0.10,22.89,77.29,86,"  511,    1,    1","  256,    1,    1"
381,14.80,trace_rays_topk_kernel,trace_rays_topk_kernel..,0.66,0.10,22.81,77.64,86,"  500,    1,    1","  256,    1,    1"
382,14.86,trace_rays_topk_kernel,trace_rays_topk_kernel..,1.84,0.27,22.70,63.84,86,"  512,    1,    1","  256,    1,    1"
383,14.34,trace_rays_topk_kernel,trace_rays_topk_kernel..,0.65,0.09,23.26,78.86,86,"  500,    1,    1","  256,    1,    1"
384,14.41,trace_rays_topk_kernel,trace_rays_topk_kernel..,0.67,0.10,23.31,78.76,86,"  513,    1,    1","  256,    1,    1"
385,14.61,trace_rays_topk_kernel,trace_rays_topk_kernel..,0.66,0.10,22.84,77.69,86,"  500,    1,    1","  256,    1,    1"
386,13.82,trace_rays_topk_kernel,trace_rays_topk_kernel..,0.69,0.10,21.06,76.81,86,"  513,    1,    1","  256,    1,    1"
387,15.17,trace_rays_topk_kernel,trace_rays_topk_kernel..,0.66,0.10,23.02,77.72,86,"  500,    1,    1","  256,    1,    1"
388,14.29,trace_rays_topk_kernel,trace_rays_topk_kernel..,0.67,0.10,22.67,77.73,86,"  511,    1,    1","  256,    1,    1"
389,14.10,trace_rays_topk_kernel,trace_rays_topk_kernel..,0.66,0.09,23.01,78.67,86,"  500,    1,    1","  256,    1,    1"
390,14.63,trace_rays_topk_kernel,trace_rays_topk_kernel..,0.67,0.10,23.27,78.75,86,"  510,    1,    1","  256,    1,    1"
391,16.09,trace_rays_topk_kernel,trace_rays_topk_kernel..,0.66,0.11,23.13,78.14,86,"  500,    1,    1","  256,    1,    1"
392,14.76,trace_rays_topk_kernel,trace_rays_topk_kernel..,0.67,0.10,23.10,78.62,86,"  513,    1,    1","  256,    1,    1"
393,15.57,trace_rays_topk_kernel,trace_rays_topk_kernel..,0.67,0.10,22.91,77.68,86,"  501,    1,    1","  256,    1,    1"
394,15.08,trace_rays_topk_kernel,trace_rays_topk_kernel..,0.68,0.10,23.25,77.44,86,"  512,    1,    1","  256,    1,    1"
395,14.79,trace_rays_topk_kernel,trace_rays_topk_kernel..,0.65,0.10,23.40,79.33,86,"  501,    1,    1","  256,    1,    1"
396,15.38,trace_rays_topk_kernel,trace_rays_topk_kernel..,0.66,0.10,23.35,79.49,86,"  510,    1,    1","  256,    1,    1"
397,16.05,trace_rays_topk_kernel,trace_rays_topk_kernel..,0.65,0.10,23.36,79.22,86,"  500,    1,    1","  256,    1,    1"
398,14.12,trace_rays_topk_kernel,trace_rays_topk_kernel..,1.08,0.15,23.11,71.17,86,"  512,    1,    1","  256,    1,    1"
399,16.30,trace_rays_topk_kernel,trace_rays_topk_kernel..,0.66,0.11,23.21,78.52,86,"  501,    1,    1","  256,    1,    1"
400,15.45,trace_rays_topk_kernel,trace_rays_topk_kernel..,0.67,0.10,23.01,79.03,86,"  509,    1,    1","  256,    1,    1"
401,14.12,trace_rays_topk_kernel,trace_rays_topk_kernel..,0.66,0.09,22.80,79.33,86,"  502,    1,    1","  256,    1,    1"
402,14.25,trace_rays_topk_kernel,trace_rays_topk_kernel..,0.67,0.09,22.90,79.02,86,"  511,    1,    1","  256,    1,    1"
403,13.83,trace_rays_topk_kernel,trace_rays_topk_kernel..,0.66,0.09,23.21,78.79,86,"  501,    1,    1","  256,    1,    1"
404,14.09,trace_rays_topk_kernel,trace_rays_topk_kernel..,0.67,0.09,22.98,78.24,86,"  511,    1,    1","  256,    1,    1"
405,14.40,trace_rays_topk_kernel,trace_rays_topk_kernel..,0.66,0.09,22.68,78.48,86,"  500,    1,    1","  256,    1,    1"
406,15.23,trace_rays_topk_kernel,trace_rays_topk_kernel..,0.68,0.10,22.65,77.39,86,"  511,    1,    1","  256,    1,    1"
407,16.49,trace_rays_topk_kernel,trace_rays_topk_kernel..,0.66,0.11,22.84,78.28,86,"  503,    1,    1","  256,    1,    1"
408,14.44,trace_rays_topk_kernel,trace_rays_topk_kernel..,0.67,0.10,23.04,78.39,86,"  510,    1,    1","  256,    1,    1"
409,14.41,trace_rays_topk_kernel,trace_rays_topk_kernel..,0.65,0.09,23.33,78.73,86,"  500,    1,    1","  256,    1,    1"
410,14.99,trace_rays_topk_kernel,trace_rays_topk_kernel..,0.68,0.10,22.89,77.73,86,"  512,    1,    1","  256,    1,    1"
411,14.98,trace_rays_topk_kernel,trace_rays_topk_kernel..,0.68,0.10,23.35,76.68,86,"  502,    1,    1","  256,    1,    1"
412,14.79,trace_rays_topk_kernel,trace_rays_topk_kernel..,0.67,0.10,23.21,78.82,86,"  511,    1,    1","  256,    1,    1"
413,15.31,trace_rays_topk_kernel,trace_rays_topk_kernel..,0.66,0.10,23.05,78.08,86,"  501,    1,    1","  256,    1,    1"
414,15.75,trace_rays_topk_kernel,trace_rays_topk_kernel..,0.67,0.11,23.06,78.64,86,"  511,    1,    1","  256,    1,    1"
415,15.98,trace_rays_topk_kernel,trace_rays_topk_kernel..,0.66,0.11,22.72,77.81,86,"  499,    1,    1","  256,    1,    1"
416,13.84,trace_rays_topk_kernel,trace_rays_topk_kernel..,0.67,0.09,23.43,78.93,86,"  514,    1,    1","  256,    1,    1"
417,16.31,trace_rays_topk_kernel,trace_rays_topk_kernel..,0.65,0.11,22.98,79.18,86,"  500,    1,    1","  256,    1,    1"
418,14.36,trace_rays_topk_kernel,trace_rays_topk_kernel..,0.67,0.10,23.19,78.61,86,"  511,    1,    1","  256,    1,    1"
419,15.47,trace_rays_topk_kernel,trace_rays_topk_kernel..,0.66,0.10,23.36,78.33,86,"  503,    1,    1","  256,    1,    1"
420,16.36,trace_rays_topk_kernel,trace_rays_topk_kernel..,0.67,0.11,22.79,78.72,86,"  512,    1,    1","  256,    1,    1"
421,99.22,trace_rays_topk_kernel,trace_rays_topk_kernel..,0.01,0.01,0.02,0.25,86,"    1,    1,    1","    1,    1,    1"
422,99.22,trace_rays_topk_kernel,trace_rays_topk_kernel..,0.00,0.00,0.01,1.31,86,"    1,    1,    1","    1,    1,    1"
423,15.38,trace_rays_topk_kernel,trace_rays_topk_kernel..,1.05,0.16,23.36,71.54,86,"  500,    1,    1","  256,    1,    1"
424,15.79,trace_rays_topk_kernel,trace_rays_topk_kernel..,0.67,0.11,23.00,79.02,86,"  512,    1,    1","  256,    1,    1"
425,14.82,trace_rays_topk_kernel,trace_rays_topk_kernel..,0.66,0.10,23.01,77.94,86,"  501,    1,    1","  256,    1,    1"
426,14.26,trace_rays_topk_kernel,trace_rays_topk_kernel..,0.67,0.10,22.69,78.03,86,"  511,    1,    1","  256,    1,    1"
427,15.72,trace_rays_topk_kernel,trace_rays_topk_kernel..,0.66,0.10,22.74,77.78,86,"  499,    1,    1","  256,    1,    1"
428,13.84,trace_rays_topk_kernel,trace_rays_topk_kernel..,0.68,0.09,22.95,77.90,86,"  512,    1,    1","  256,    1,    1"
429,14.55,trace_rays_topk_kernel,trace_rays_topk_kernel..,0.65,0.09,23.19,79.32,86,"  503,    1,    1","  256,    1,    1"
430,13.54,trace_rays_topk_kernel,trace_rays_topk_kernel..,0.68,0.09,22.93,77.33,86,"  511,    1,    1","  256,    1,    1"
431,15.74,trace_rays_topk_kernel,trace_rays_topk_kernel..,0.66,0.10,23.17,78.24,86,"  500,    1,    1","  256,    1,    1"
432,17.17,trace_rays_topk_kernel,trace_rays_topk_kernel..,0.69,0.12,22.50,75.96,86,"  511,    1,    1","  256,    1,    1"
433,14.65,trace_rays_topk_kernel,trace_rays_topk_kernel..,0.66,0.10,23.22,77.96,86,"  500,    1,    1","  256,    1,    1"
434,15.89,trace_rays_topk_kernel,trace_rays_topk_kernel..,0.69,0.11,22.73,77.33,86,"  513,    1,    1","  256,    1,    1"
435,15.00,trace_rays_topk_kernel,trace_rays_topk_kernel..,0.65,0.10,22.89,79.01,86,"  502,    1,    1","  256,    1,    1"
436,14.51,trace_rays_topk_kernel,trace_rays_topk_kernel..,0.69,0.10,22.96,77.34,86,"  512,    1,    1","  256,    1,    1"
437,14.67,trace_rays_topk_kernel,trace_rays_topk_kernel..,0.66,0.10,23.07,78.33,86,"  499,    1,    1","  256,    1,    1"
438,15.07,trace_rays_topk_kernel,trace_rays_topk_kernel..,0.67,0.10,23.48,79.27,86,"  513,    1,    1","  256,    1,    1"
439,14.86,trace_rays_topk_kernel,trace_rays_topk_kernel..,0.66,0.10,23.06,78.63,86,"  503,    1,    1","  256,    1,    1"
440,14.64,trace_rays_topk_kernel,trace_rays_topk_kernel..,0.67,0.10,23.17,79.01,86,"  511,    1,    1","  256,    1,    1"
441,15.54,trace_rays_topk_kernel,trace_rays_topk_kernel..,0.65,0.10,23.50,79.52,86,"  500,    1,    1","  256,    1,    1"
442,14.75,trace_rays_topk_kernel,trace_rays_topk_kernel..,0.68,0.10,23.21,78.16,86,"  513,    1,    1","  256,    1,    1"
443,14.51,trace_rays_topk_kernel,trace_rays_topk_kernel..,0.65,0.09,23.06,79.26,86,"  501,    1,    1","  256,    1,    1"
444,15.51,trace_rays_topk_kernel,trace_rays_topk_kernel..,0.68,0.11,23.14,77.70,86,"  510,    1,    1","  256,    1,    1"
445,14.54,trace_rays_topk_kernel,trace_rays_topk_kernel..,0.66,0.10,22.87,78.71,86,"  503,    1,    1","  256,    1,    1"
446,15.56,trace_rays_topk_kernel,trace_rays_topk_kernel..,0.68,0.11,23.03,77.47,86,"  509,    1,    1","  256,    1,    1"
447,13.77,trace_rays_topk_kernel,trace_rays_topk_kernel..,0.65,0.09,22.56,79.56,86,"  502,    1,    1","  256,    1,    1"
448,15.15,trace_rays_topk_kernel,trace_rays_topk_kernel..,0.67,0.10,23.42,82.24,86,"  510,    1,    1","  256,    1,    1"
449,14.46,trace_rays_topk_kernel,trace_rays_topk_kernel..,0.66,0.10,23.18,82.53,86,"  501,    1,    1","  256,    1,    1"
450,14.74,trace_rays_topk_kernel,trace_rays_topk_kernel..,0.67,0.10,23.43,79.48,86,"  511,    1,    1","  256,    1,    1"
451,14.27,trace_rays_topk_kernel,trace_rays_topk_kernel..,0.66,0.09,23.49,78.81,86,"  502,    1,    1","  256,    1,    1"
452,13.63,trace_rays_topk_kernel,trace_rays_topk_kernel..,0.66,0.09,22.97,79.54,86,"  510,    1,    1","  256,    1,    1"
453,15.53,trace_rays_topk_kernel,trace_rays_topk_kernel..,0.67,0.10,22.81,78.52,86,"  503,    1,    1","  256,    1,    1"
454,14.85,trace_rays_topk_kernel,trace_rays_topk_kernel..,0.67,0.10,23.13,79.27,86,"  510,    1,    1","  256,    1,    1"
455,15.04,trace_rays_topk_kernel,trace_rays_topk_kernel..,0.66,0.10,22.98,78.60,86,"  502,    1,    1","  256,    1,    1"
456,15.48,trace_rays_topk_kernel,trace_rays_topk_kernel..,0.70,0.11,23.18,75.76,86,"  511,    1,    1","  256,    1,    1"
457,15.42,trace_rays_topk_kernel,trace_rays_topk_kernel..,0.66,0.10,22.23,78.31,86,"  501,    1,    1","  256,    1,    1"
458,15.61,trace_rays_topk_kernel,trace_rays_topk_kernel..,0.68,0.11,23.26,77.92,86,"  510,    1,    1","  256,    1,    1"
459,14.06,trace_rays_topk_kernel,trace_rays_topk_kernel..,0.67,0.09,22.54,78.27,86,"  504,    1,    1","  256,    1,    1"
460,16.17,trace_rays_topk_kernel,trace_rays_topk_kernel..,0.68,0.11,22.65,77.68,86,"  511,    1,    1","  256,    1,    1"
461,15.79,trace_rays_topk_kernel,trace_rays_topk_kernel..,0.66,0.10,23.30,78.33,86,"  502,    1,    1","  256,    1,    1"
462,14.85,trace_rays_topk_kernel,trace_rays_topk_kernel..,0.67,0.10,23.20,78.64,86,"  511,    1,    1","  256,    1,    1"
463,15.22,trace_rays_topk_kernel,trace_rays_topk_kernel..,0.67,0.10,23.04,78.62,86,"  503,    1,    1","  256,    1,    1"
464,15.30,trace_rays_topk_kernel,trace_rays_topk_kernel..,0.68,0.10,23.25,77.34,86,"  508,    1,    1","  256,    1,    1"
465,14.62,trace_rays_topk_kernel,trace_rays_topk_kernel..,0.66,0.10,23.17,79.62,86,"  505,    1,    1","  256,    1,    1"
466,14.20,trace_rays_topk_kernel,trace_rays_topk_kernel..,0.67,0.10,23.34,78.82,86,"  509,    1,    1","  256,    1,    1"
467,16.86,trace_rays_topk_kernel,trace_rays_topk_kernel..,0.68,0.11,23.05,77.26,86,"  502,    1,    1","  256,    1,    1"
468,15.76,trace_rays_topk_kernel,trace_rays_topk_kernel..,0.67,0.11,22.79,78.67,86,"  508,    1,    1","  256,    1,    1"
469,14.13,trace_rays_topk_kernel,trace_rays_topk_kernel..,0.68,0.10,22.69,77.46,86,"  505,    1,    1","  256,    1,    1"
470,15.02,trace_rays_topk_kernel,trace_rays_topk_kernel..,0.68,0.10,22.68,77.65,86,"  509,    1,    1","  256,    1,    1"
471,16.01,trace_rays_topk_kernel,trace_rays_topk_kernel..,0.67,0.11,22.98,78.74,86,"  503,    1,    1","  256,    1,    1"
472,12.42,trace_rays_topk_kernel,trace_rays_topk_kernel..,0.70,0.09,19.07,76.17,86,"  511,    1,    1","  256,    1,    1"
473,15.44,trace_rays_topk_kernel,trace_rays_topk_kernel..,0.66,0.10,23.12,79.22,86,"  503,    1,    1","  256,    1,    1"
474,15.54,trace_rays_topk_kernel,trace_rays_topk_kernel..,0.69,0.11,22.16,77.13,86,"  510,    1,    1","  256,    1,    1"
475,14.90,trace_rays_topk_kernel,trace_rays_topk_kernel..,0.67,0.10,22.98,78.34,86,"  503,    1,    1","  256,    1,    1"
476,13.93,trace_rays_topk_kernel,trace_rays_topk_kernel..,0.67,0.09,23.36,79.08,86,"  509,    1,    1","  256,    1,    1"
477,14.54,trace_rays_topk_kernel,trace_rays_topk_kernel..,0.68,0.10,22.42,77.10,86,"  503,    1,    1","  256,    1,    1"
478,15.75,trace_rays_topk_kernel,trace_rays_topk_kernel..,0.69,0.11,23.01,76.67,86,"  511,    1,    1","  256,    1,    1"
479,14.47,trace_rays_topk_kernel,trace_rays_topk_kernel..,0.67,0.10,23.00,78.13,86,"  502,    1,    1","  256,    1,    1"
480,14.66,trace_rays_topk_kernel,trace_rays_topk_kernel..,0.66,0.10,23.43,79.98,86,"  508,    1,    1","  256,    1,    1"
481,15.49,trace_rays_topk_kernel,trace_rays_topk_kernel..,0.68,0.10,23.21,77.91,86,"  505,    1,    1","  256,    1,    1"
482,14.43,trace_rays_topk_kernel,trace_rays_topk_kernel..,0.67,0.10,23.13,79.04,86,"  508,    1,    1","  256,    1,    1"
483,16.19,trace_rays_topk_kernel,trace_rays_topk_kernel..,0.69,0.11,22.58,76.73,86,"  504,    1,    1","  256,    1,    1"
484,15.36,trace_rays_topk_kernel,trace_rays_topk_kernel..,0.68,0.10,23.23,78.18,86,"  508,    1,    1","  256,    1,    1"
485,14.70,trace_rays_topk_kernel,trace_rays_topk_kernel..,0.68,0.10,23.26,78.24,86,"  504,    1,    1","  256,    1,    1"
486,14.46,trace_rays_topk_kernel,trace_rays_topk_kernel..,0.67,0.10,23.35,79.12,86,"  510,    1,    1","  256,    1,    1"
487,15.17,trace_rays_topk_kernel,trace_rays_topk_kernel..,2.12,0.32,23.28,65.52,86,"  504,    1,    1","  256,    1,    1"
488,13.39,trace_rays_topk_kernel,trace_rays_topk_kernel..,0.68,0.09,23.10,77.75,86,"  508,    1,    1","  256,    1,    1"
489,14.18,trace_rays_topk_kernel,trace_rays_topk_kernel..,0.67,0.10,22.96,79.10,86,"  505,    1,    1","  256,    1,    1"
490,14.15,trace_rays_topk_kernel,trace_rays_topk_kernel..,0.68,0.10,21.94,77.71,86,"  509,    1,    1","  256,    1,    1"
491,14.15,trace_rays_topk_kernel,trace_rays_topk_kernel..,0.67,0.09,23.11,79.91,86,"  506,    1,    1","  256,    1,    1"
492,15.56,trace_rays_topk_kernel,trace_rays_topk_kernel..,0.69,0.11,23.32,77.55,86,"  508,    1,    1","  256,    1,    1"
493,17.00,trace_rays_topk_kernel,trace_rays_topk_kernel..,0.68,0.12,22.66,77.53,86,"  502,    1,    1","  256,    1,    1"
494,13.70,trace_rays_topk_kernel,trace_rays_topk_kernel..,0.70,0.10,22.63,83.05,86,"  508,    1,    1","  256,    1,    1"
495,14.28,trace_rays_topk_kernel,trace_rays_topk_kernel..,0.67,0.10,22.81,79.06,86,"  505,    1,    1","  256,    1,    1"
496,14.27,trace_rays_topk_kernel,trace_rays_topk_kernel..,0.69,0.10,22.22,77.63,86,"  510,    1,    1","  256,    1,    1"
497,14.05,trace_rays_topk_kernel,trace_rays_topk_kernel..,0.67,0.09,22.98,78.64,86,"  502,    1,    1","  256,    1,    1"
498,14.72,trace_rays_topk_kernel,trace_rays_topk_kernel..,0.68,0.10,23.12,78.81,86,"  508,    1,    1","  256,    1,    1"
499,14.71,trace_rays_topk_kernel,trace_rays_topk_kernel..,0.68,0.10,22.93,77.47,86,"  503,    1,    1","  256,    1,    1"
